3,5.000,5.000,0.500,4.750,4.750,0.475
5,5.000,5.000,0.500,0.000,0.000,0.000
7,5.000,5.000,0.500,0.000,0.000,0.000
9,5.000,5.000,0.500,0.000,0.000,0.000
El: -64.13
11,5.000,5.000,0.500,0.000,0.000,0.000
13,5.000,5.000,0.500,0.000,0.000,0.000
15,5.000,5.000,0.500,0.000,0.000,0.000
17,5.000,5.000,0.500,0.000,0.000,0.000
19,5.000,5.000,0.500,0.000,0.000,0.000
El: -64.11
21,5.000,5.000,0.500,0.000,0.000,0.000
23,5.000,5.000,0.500,0.000,0.000,0.000
25,3.741,3.375,0.708,1.951,2.569,0.335
27,1.912,0.924,1.034,1.829,2.451,0.326
29,1.916,0.930,1.030,0.011,0.011,0.006
El: -64.09
31,1.962,0.953,1.029,0.048,0.024,0.003
33,1.975,0.960,1.028,0.014,0.008,0.003
35,1.976,0.959,1.030,0.003,0.002,0.003
37,1.974,0.959,1.029,0.003,0.002,0.002
39,1.972,0.959,1.028,0.011,0.005,0.003
El: -64.08
41,1.974,0.959,1.029,0.004,0.003,0.003
44,1.976,0.960,1.029,0.004,0.003,0.003
46,1.976,0.961,1.028,0.003,0.003,0.002
48,1.979,0.961,1.030,0.003,0.002,0.003
50,1.981,0.963,1.028,0.003,0.003,0.003
El: -64.06
52,1.984,0.964,1.029,0.003,0.002,0.002
54,1.986,0.966,1.028,0.003,0.003,0.003
56,1.988,0.968,1.027,0.003,0.002,0.001
58,1.990,0.968,1.028,0.002,0.000,0.001
60,1.991,0.969,1.028,0.003,0.002,0.003
El: -64.05
62,1.993,0.969,1.028,0.003,0.002,0.003
64,1.995,0.971,1.027,0.003,0.003,0.002
66,1.997,0.973,1.026,0.003,0.001,0.001
68,1.999,0.974,1.026,0.003,0.003,0.003
70,2.001,0.975,1.026,0.003,0.003,0.002
El: -64.03
72,2.004,0.978,1.025,0.003,0.003,0.002
74,2.004,0.978,1.024,0.002,0.002,0.002
76,2.004,0.978,1.024,0.002,0.002,0.002
78,2.001,0.978,1.023,0.004,0.000,0.002
80,1.991,0.974,1.022,0.010,0.004,0.002
El: -64.01
82,1.978,0.969,1.021,0.015,0.006,0.002
84,1.955,0.957,1.021,0.024,0.012,0.003
86,1.950,0.956,1.020,0.007,0.003,0.002
88,1.949,0.955,1.020,0.005,0.003,0.002
91,1.934,0.947,1.021,0.015,0.008,0.002
El: -64.00
93,1.902,0.931,1.022,0.035,0.018,0.002
95,1.850,0.903,1.024,0.054,0.029,0.003
97,1.823,0.889,1.025,0.029,0.015,0.002
99,1.794,0.874,1.027,0.029,0.016,0.004
El: -63.98
101,1.778,0.865,1.028,0.019,0.011,0.003
103,1.757,0.854,1.029,0.021,0.011,0.003
105,1.753,0.852,1.029,0.005,0.003,0.003
107,1.749,0.850,1.029,0.008,0.005,0.003
109,1.724,0.836,1.032,0.026,0.015,0.004
El: -63.96
111,1.714,0.830,1.033,0.011,0.006,0.003
113,1.721,0.832,1.034,0.008,0.003,0.004
115,1.738,0.842,1.032,0.018,0.011,0.003
117,1.756,0.852,1.030,0.019,0.011,0.003
119,1.769,0.860,1.029,0.014,0.009,0.004
El: -63.95
121,1.802,0.877,1.028,0.035,0.018,0.002
123,1.821,0.887,1.026,0.019,0.011,0.003
125,1.831,0.892,1.026,0.019,0.010,0.002
127,1.881,0.918,1.024,0.051,0.026,0.003
129,1.881,0.919,1.024,0.008,0.005,0.002
El: -63.93
131,1.867,0.909,1.027,0.014,0.010,0.003
133,1.878,0.914,1.027,0.014,0.007,0.002
135,1.940,0.944,1.027,0.066,0.032,0.002
138,1.985,0.966,1.027,0.046,0.022,0.002
140,2.002,0.975,1.027,0.017,0.009,0.002
El: -63.92
142,2.010,0.979,1.026,0.011,0.006,0.002
144,2.045,0.997,1.026,0.037,0.019,0.002
146,2.073,1.011,1.025,0.028,0.014,0.002
148,2.078,1.013,1.026,0.006,0.002,0.003
150,2.080,1.014,1.026,0.003,0.003,0.002
El: -63.90
152,2.083,1.015,1.026,0.004,0.003,0.002
154,2.083,1.015,1.026,0.002,0.002,0.003
156,2.085,1.015,1.027,0.003,0.002,0.003
158,2.087,1.015,1.028,0.003,0.002,0.003
160,2.089,1.016,1.028,0.003,0.002,0.002
El: -63.88
162,2.092,1.015,1.031,0.003,0.003,0.003
164,2.093,1.014,1.032,0.003,0.003,0.003
166,2.095,1.015,1.032,0.003,0.003,0.003
168,2.097,1.015,1.032,0.002,0.002,0.002
170,2.096,1.013,1.034,0.002,0.003,0.003
El: -63.87
172,2.094,1.012,1.035,0.003,0.001,0.001
174,2.093,1.012,1.034,0.002,0.002,0.002
176,2.094,1.012,1.035,0.003,0.002,0.002
178,2.093,1.010,1.036,0.003,0.003,0.002
180,2.089,1.011,1.034,0.004,0.002,0.003
El: -63.85
182,2.087,1.009,1.034,0.004,0.003,0.003
185,2.083,1.007,1.034,0.004,0.002,0.002
187,2.080,1.005,1.035,0.004,0.003,0.003
189,2.077,1.004,1.035,0.004,0.003,0.003
191,2.071,1.001,1.035,0.007,0.004,0.002
El: -63.83
193,2.067,0.999,1.035,0.004,0.003,0.002
195,2.063,0.997,1.034,0.005,0.002,0.002
197,2.058,0.994,1.035,0.005,0.004,0.002
199,2.055,0.993,1.035,0.004,0.002,0.002
El: -63.82
201,2.051,0.991,1.035,0.005,0.003,0.002
203,2.048,0.989,1.035,0.003,0.003,0.003
205,2.043,0.988,1.034,0.005,0.002,0.002
207,2.039,0.986,1.034,0.005,0.003,0.002
209,2.033,0.982,1.035,0.006,0.004,0.002
El: -63.80
211,2.028,0.979,1.035,0.006,0.004,0.003
213,2.022,0.978,1.034,0.006,0.002,0.002
215,2.016,0.975,1.034,0.007,0.004,0.003
217,2.011,0.973,1.034,0.005,0.002,0.002
219,2.009,0.970,1.035,0.003,0.003,0.003
El: -63.78
221,2.005,0.969,1.035,0.004,0.003,0.003
223,2.003,0.968,1.034,0.002,0.002,0.002
225,2.000,0.968,1.033,0.004,0.002,0.002
227,1.996,0.966,1.033,0.005,0.003,0.002
230,1.993,0.964,1.034,0.004,0.003,0.002
El: -63.77
232,1.990,0.963,1.034,0.004,0.001,0.002
234,1.987,0.961,1.034,0.004,0.003,0.003
236,1.981,0.957,1.035,0.006,0.004,0.002
238,1.977,0.956,1.034,0.005,0.003,0.003
240,1.971,0.953,1.034,0.006,0.003,0.001
El: -63.75
242,1.966,0.952,1.033,0.006,0.003,0.003
244,1.962,0.949,1.034,0.005,0.003,0.002
246,1.959,0.947,1.034,0.003,0.002,0.002
248,1.954,0.945,1.034,0.006,0.004,0.003
250,1.943,0.939,1.034,0.012,0.006,0.003
El: -63.73
252,1.944,0.941,1.033,0.004,0.003,0.003
254,1.946,0.941,1.034,0.004,0.002,0.003
256,1.933,0.935,1.033,0.014,0.006,0.003
258,1.911,0.923,1.035,0.024,0.013,0.003
260,1.904,0.921,1.033,0.009,0.003,0.003
El: -63.71
262,1.920,0.930,1.032,0.017,0.009,0.003
264,1.906,0.923,1.032,0.015,0.008,0.003
266,1.884,0.911,1.034,0.023,0.013,0.003
268,1.885,0.912,1.033,0.013,0.007,0.003
270,1.923,0.933,1.031,0.038,0.021,0.003
El: -63.70
272,1.926,0.934,1.031,0.003,0.002,0.002
274,1.926,0.934,1.031,0.001,0.001,0.002
277,1.917,0.930,1.031,0.011,0.005,0.002
279,1.898,0.920,1.031,0.019,0.010,0.002
281,1.897,0.919,1.032,0.002,0.002,0.002
El: -63.68
283,1.885,0.913,1.032,0.015,0.008,0.002
285,1.836,0.886,1.035,0.050,0.027,0.004
287,1.841,0.889,1.035,0.006,0.004,0.002
289,1.854,0.897,1.033,0.014,0.009,0.003
El: -63.66
291,1.829,0.884,1.035,0.028,0.015,0.003
293,1.817,0.877,1.035,0.014,0.008,0.003
295,1.851,0.896,1.033,0.036,0.020,0.004
297,1.861,0.901,1.033,0.010,0.005,0.003
299,1.838,0.890,1.033,0.024,0.012,0.002
El: -63.65
301,1.820,0.880,1.034,0.019,0.010,0.002
303,1.828,0.885,1.033,0.009,0.006,0.003
305,1.848,0.896,1.031,0.022,0.012,0.003
307,1.867,0.906,1.031,0.019,0.010,0.003
309,1.866,0.905,1.031,0.002,0.002,0.002
El: -63.63
311,1.866,0.905,1.031,0.002,0.002,0.002
313,1.862,0.904,1.030,0.004,0.001,0.002
315,1.858,0.902,1.030,0.005,0.003,0.003
317,1.854,0.900,1.030,0.005,0.002,0.002
319,1.852,0.899,1.030,0.003,0.001,0.001
El: -63.61
321,1.852,0.899,1.030,0.002,0.001,0.002
324,1.851,0.899,1.030,0.003,0.001,0.002
326,1.850,0.897,1.031,0.003,0.003,0.003
328,1.848,0.896,1.032,0.003,0.003,0.003
330,1.845,0.894,1.031,0.010,0.006,0.003
El: -63.60
332,1.794,0.865,1.038,0.081,0.047,0.010
334,1.501,0.714,1.051,0.330,0.168,0.014
336,1.117,0.529,1.055,0.389,0.187,0.005
338,0.984,0.468,1.051,0.133,0.062,0.005
340,0.967,0.460,1.052,0.023,0.011,0.003
El: -63.58
342,0.929,0.442,1.051,0.040,0.019,0.003
344,0.926,0.441,1.050,0.009,0.004,0.004
346,0.928,0.443,1.049,0.003,0.003,0.006
348,0.930,0.443,1.050,0.004,0.002,0.006
350,0.928,0.442,1.050,0.006,0.003,0.005
El: -63.56
352,0.930,0.443,1.049,0.007,0.004,0.004
354,0.933,0.444,1.051,0.005,0.003,0.005
356,0.933,0.444,1.050,0.006,0.003,0.003
358,0.933,0.445,1.049,0.001,0.000,0.001
360,0.932,0.444,1.051,0.002,0.002,0.006
El: -63.54
362,0.933,0.445,1.050,0.001,0.001,0.003
364,0.934,0.445,1.049,0.000,0.000,0.000
366,0.934,0.445,1.049,0.000,0.000,0.000
369,0.934,0.445,1.049,0.000,0.000,0.000
371,0.935,0.445,1.051,0.002,0.000,0.003
El: -63.53
373,0.935,0.445,1.051,0.002,0.000,0.003
375,0.938,0.446,1.053,0.003,0.002,0.004
377,0.941,0.448,1.051,0.005,0.003,0.005
379,0.933,0.443,1.053,0.010,0.006,0.005
381,0.924,0.440,1.051,0.009,0.004,0.004
El: -63.51
383,0.924,0.440,1.050,0.001,0.000,0.001
385,0.926,0.440,1.052,0.003,0.000,0.003
387,0.928,0.440,1.054,0.003,0.001,0.004
389,0.928,0.441,1.052,0.002,0.003,0.006
El: -63.49
391,0.930,0.441,1.053,0.004,0.003,0.005
393,0.929,0.442,1.051,0.006,0.004,0.006
395,0.931,0.443,1.051,0.005,0.004,0.005
397,0.932,0.444,1.051,0.003,0.002,0.006
399,0.932,0.443,1.052,0.002,0.002,0.006
El: -63.48
401,0.934,0.443,1.054,0.001,0.002,0.006
403,0.934,0.444,1.051,0.000,0.002,0.005
405,0.934,0.445,1.050,0.001,0.000,0.001
407,0.934,0.445,1.050,0.001,0.000,0.001
409,0.930,0.442,1.053,0.005,0.004,0.005
El: -63.46
411,0.930,0.441,1.055,0.002,0.002,0.005
413,0.933,0.443,1.054,0.003,0.003,0.006
416,0.932,0.442,1.054,0.002,0.002,0.005
418,0.933,0.443,1.053,0.001,0.002,0.005
420,0.933,0.443,1.052,0.002,0.002,0.004
El: -63.44
422,0.932,0.442,1.054,0.002,0.003,0.007
424,0.929,0.441,1.054,0.003,0.002,0.005
426,0.927,0.440,1.054,0.004,0.001,0.003
428,0.928,0.441,1.053,0.002,0.002,0.005
430,0.918,0.436,1.054,0.012,0.006,0.004
El: -63.42
432,0.916,0.435,1.053,0.004,0.001,0.004
434,0.915,0.435,1.052,0.002,0.000,0.003
436,0.914,0.434,1.053,0.003,0.002,0.005
438,0.915,0.434,1.053,0.003,0.002,0.005
440,0.923,0.437,1.056,0.008,0.004,0.006
El: -63.41
442,0.923,0.437,1.055,0.002,0.002,0.005
444,0.923,0.437,1.055,0.002,0.002,0.005
446,0.924,0.440,1.050,0.001,0.002,0.005
448,0.924,0.439,1.051,0.001,0.002,0.004
450,0.922,0.438,1.053,0.003,0.003,0.007
El: -63.39
452,0.924,0.439,1.052,0.002,0.002,0.005
454,0.924,0.440,1.051,0.002,0.001,0.003
456,0.923,0.438,1.054,0.002,0.003,0.006
458,0.924,0.439,1.052,0.001,0.002,0.005
460,0.921,0.436,1.055,0.004,0.003,0.004
El: -63.37
463,0.913,0.433,1.055,0.009,0.004,0.006
465,0.914,0.434,1.053,0.003,0.002,0.004
467,0.919,0.436,1.054,0.005,0.003,0.004
469,0.924,0.439,1.051,0.005,0.004,0.004
471,0.924,0.438,1.055,0.000,0.003,0.007
El: -63.35
473,0.924,0.439,1.052,0.000,0.002,0.005
475,0.924,0.439,1.053,0.000,0.002,0.005
477,0.923,0.437,1.056,0.002,0.003,0.006
479,0.923,0.437,1.057,0.001,0.002,0.006
El: -63.34
481,0.923,0.437,1.055,0.001,0.002,0.006
483,0.924,0.438,1.055,0.000,0.002,0.006
485,0.922,0.437,1.054,0.003,0.003,0.006
487,0.915,0.434,1.054,0.008,0.004,0.004
489,0.906,0.431,1.053,0.009,0.004,0.006
El: -63.32
491,0.908,0.431,1.054,0.005,0.003,0.005
493,0.920,0.436,1.055,0.012,0.006,0.005
495,0.920,0.437,1.054,0.002,0.002,0.006
497,0.920,0.436,1.053,0.002,0.002,0.006
499,0.921,0.436,1.057,0.003,0.002,0.007
El: -63.30
501,0.919,0.436,1.054,0.003,0.002,0.006
503,0.919,0.436,1.054,0.000,0.002,0.004
505,0.920,0.435,1.056,0.002,0.001,0.004
508,0.922,0.437,1.054,0.003,0.003,0.007
510,0.923,0.437,1.057,0.002,0.002,0.007
El: -63.28
512,0.924,0.437,1.056,0.001,0.002,0.006
514,0.924,0.437,1.057,0.001,0.002,0.006
516,0.925,0.439,1.054,0.003,0.003,0.005
518,0.928,0.440,1.055,0.004,0.001,0.003
520,0.929,0.440,1.055,0.000,0.001,0.003
El: -63.27
522,0.929,0.440,1.055,0.000,0.001,0.003
524,0.930,0.440,1.056,0.002,0.001,0.005
526,0.930,0.441,1.056,0.002,0.002,0.006
528,0.924,0.439,1.053,0.008,0.003,0.007
530,0.925,0.438,1.056,0.004,0.003,0.007
El: -63.25
532,0.932,0.441,1.056,0.007,0.004,0.005
534,0.932,0.442,1.056,0.002,0.002,0.006
536,0.932,0.441,1.057,0.002,0.002,0.005
538,0.932,0.441,1.057,0.002,0.002,0.005
540,0.931,0.441,1.055,0.003,0.002,0.005
El: -63.23
542,0.933,0.443,1.053,0.002,0.003,0.006
544,0.933,0.442,1.056,0.001,0.003,0.006
546,0.931,0.441,1.055,0.004,0.002,0.005
548,0.933,0.442,1.056,0.003,0.002,0.006
550,0.934,0.442,1.056,0.000,0.002,0.006
El: -63.21
552,0.933,0.442,1.056,0.001,0.002,0.006
555,0.934,0.443,1.054,0.001,0.003,0.006
557,0.934,0.443,1.054,0.001,0.002,0.006
559,0.934,0.444,1.052,0.000,0.002,0.005
561,0.934,0.443,1.055,0.000,0.003,0.006
El: -63.19
563,0.934,0.444,1.052,0.000,0.002,0.006
565,0.934,0.443,1.054,0.000,0.003,0.006
567,0.935,0.442,1.057,0.003,0.002,0.006
569,0.937,0.444,1.056,0.003,0.002,0.005
571,0.938,0.445,1.055,0.002,0.001,0.003
El: -63.18
573,0.938,0.445,1.055,0.001,0.000,0.001
575,0.938,0.445,1.055,0.000,0.000,0.000
577,0.939,0.445,1.055,0.001,0.001,0.003
579,0.940,0.445,1.056,0.003,0.001,0.004
El: -63.16
581,0.941,0.446,1.055,0.003,0.002,0.006
583,0.943,0.446,1.057,0.002,0.002,0.005
585,0.943,0.447,1.056,0.001,0.003,0.006
587,0.943,0.446,1.056,0.001,0.002,0.005
589,0.943,0.447,1.055,0.000,0.003,0.006
El: -63.14
591,0.943,0.447,1.055,0.000,0.002,0.006
593,0.944,0.447,1.056,0.002,0.002,0.007
595,0.944,0.448,1.053,0.001,0.003,0.006
597,0.944,0.447,1.054,0.001,0.003,0.006
599,0.944,0.448,1.053,0.001,0.002,0.005
El: -63.12
602,0.897,0.425,1.055,0.066,0.032,0.006
604,0.851,0.404,1.052,0.046,0.021,0.006
606,0.851,0.403,1.055,0.002,0.003,0.008
608,0.851,0.404,1.054,0.002,0.002,0.007
610,0.852,0.404,1.055,0.002,0.002,0.007
El: -63.11
612,0.851,0.405,1.052,0.002,0.002,0.006
614,0.852,0.404,1.054,0.003,0.002,0.007
616,0.853,0.405,1.053,0.003,0.002,0.006
618,0.854,0.404,1.056,0.002,0.002,0.007
620,0.854,0.405,1.054,0.002,0.002,0.005
El: -63.09
622,0.855,0.405,1.055,0.002,0.001,0.005
624,0.854,0.405,1.053,0.002,0.001,0.004
626,0.855,0.405,1.055,0.002,0.002,0.005
628,0.855,0.405,1.055,0.001,0.001,0.003
630,0.855,0.406,1.054,0.002,0.000,0.002
El: -63.07
632,0.855,0.405,1.055,0.001,0.002,0.005
634,0.855,0.405,1.056,0.002,0.002,0.005
636,0.855,0.405,1.055,0.001,0.002,0.005
638,0.855,0.405,1.056,0.002,0.002,0.005
640,0.855,0.405,1.055,0.002,0.001,0.002
El: -63.05
642,0.856,0.405,1.056,0.001,0.001,0.004
644,0.855,0.406,1.054,0.000,0.000,0.002
646,0.855,0.406,1.054,0.000,0.000,0.000
649,0.855,0.405,1.055,0.000,0.001,0.003
651,0.855,0.406,1.054,0.000,0.000,0.001
El: -63.03
653,0.857,0.406,1.056,0.003,0.000,0.003
655,0.858,0.406,1.057,0.003,0.000,0.003
657,0.858,0.406,1.057,0.002,0.000,0.003
659,0.858,0.406,1.057,0.002,0.000,0.003
661,0.858,0.406,1.057,0.002,0.001,0.004
El: -63.01
663,0.859,0.406,1.058,0.002,0.001,0.004
665,0.859,0.406,1.058,0.002,0.001,0.004
667,0.860,0.406,1.058,0.001,0.002,0.005
669,0.859,0.407,1.057,0.002,0.002,0.005
El: -63.00
671,0.860,0.406,1.058,0.001,0.002,0.005
673,0.860,0.406,1.059,0.001,0.001,0.003
675,0.860,0.406,1.059,0.000,0.001,0.004
677,0.859,0.406,1.058,0.002,0.001,0.005
679,0.859,0.406,1.056,0.002,0.002,0.006
El: -62.98
681,0.860,0.406,1.058,0.002,0.002,0.005
683,0.859,0.406,1.058,0.002,0.001,0.004
685,0.859,0.406,1.058,0.002,0.001,0.005
687,0.859,0.406,1.059,0.002,0.000,0.003
689,0.858,0.406,1.058,0.003,0.000,0.003
El: -62.96
691,0.858,0.406,1.058,0.002,0.000,0.003
694,0.858,0.406,1.058,0.002,0.000,0.003
696,0.857,0.406,1.057,0.003,0.000,0.003
698,0.857,0.406,1.057,0.002,0.000,0.003
700,0.856,0.406,1.055,0.002,0.000,0.003
El: -62.94
702,0.856,0.406,1.055,0.002,0.000,0.002
704,0.856,0.406,1.055,0.001,0.000,0.002
706,0.855,0.405,1.056,0.000,0.002,0.004
708,0.856,0.405,1.056,0.001,0.001,0.005
710,0.855,0.406,1.054,0.001,0.000,0.002
El: -62.92
712,0.855,0.404,1.057,0.000,0.002,0.007
714,0.855,0.405,1.056,0.001,0.002,0.005
716,0.855,0.404,1.059,0.001,0.003,0.007
718,0.855,0.405,1.055,0.000,0.002,0.005
720,0.855,0.405,1.056,0.000,0.002,0.005
El: -62.91
722,0.855,0.405,1.054,0.002,0.001,0.004
724,0.855,0.405,1.056,0.001,0.002,0.005
726,0.855,0.405,1.056,0.001,0.002,0.005
728,0.855,0.405,1.056,0.000,0.002,0.004
730,0.855,0.405,1.056,0.000,0.001,0.004
El: -62.89
732,0.855,0.406,1.054,0.000,0.000,0.001
734,0.855,0.405,1.055,0.000,0.001,0.003
736,0.855,0.406,1.054,0.000,0.000,0.001
738,0.855,0.406,1.054,0.000,0.000,0.000
741,0.855,0.405,1.055,0.000,0.001,0.003
El: -62.87
743,0.856,0.405,1.056,0.002,0.001,0.003
745,0.856,0.406,1.055,0.001,0.000,0.002
747,0.857,0.405,1.056,0.002,0.001,0.005
749,0.859,0.406,1.058,0.003,0.001,0.005
751,0.859,0.407,1.057,0.002,0.002,0.006
El: -62.85
753,0.860,0.406,1.058,0.001,0.002,0.005
755,0.861,0.408,1.055,0.002,0.003,0.008
757,0.862,0.407,1.058,0.002,0.002,0.007
759,0.862,0.408,1.057,0.009,0.005,0.006
761,0.864,0.410,1.055,0.019,0.010,0.005
El: -62.83
763,0.865,0.409,1.056,0.004,0.003,0.007
765,0.866,0.410,1.056,0.004,0.002,0.004
767,0.869,0.411,1.057,0.005,0.003,0.006
769,0.871,0.412,1.057,0.004,0.003,0.005
El: -62.81
771,0.872,0.413,1.056,0.003,0.003,0.006
773,0.880,0.416,1.056,0.014,0.007,0.006
775,0.877,0.415,1.057,0.010,0.005,0.004
777,0.862,0.409,1.055,0.015,0.007,0.006
779,0.859,0.407,1.055,0.006,0.005,0.007
El: -62.79
781,0.859,0.406,1.056,0.010,0.004,0.006
783,0.915,0.432,1.059,0.064,0.029,0.006
785,0.940,0.442,1.063,0.025,0.010,0.007
788,0.935,0.440,1.062,0.005,0.003,0.006
790,0.935,0.440,1.063,0.005,0.004,0.005
El: -62.78
792,0.934,0.440,1.061,0.004,0.003,0.005
794,0.924,0.435,1.064,0.011,0.006,0.006
796,0.909,0.429,1.059,0.026,0.011,0.006
798,0.845,0.398,1.062,0.065,0.032,0.007
800,0.845,0.398,1.063,0.006,0.004,0.007
El: -62.76
802,0.845,0.400,1.056,0.002,0.003,0.008
804,0.844,0.398,1.061,0.003,0.004,0.009
806,0.845,0.397,1.063,0.006,0.003,0.007
808,0.846,0.399,1.060,0.003,0.003,0.007
810,0.845,0.398,1.061,0.003,0.003,0.006
El: -62.74
812,0.844,0.398,1.061,0.014,0.006,0.009
814,0.850,0.401,1.060,0.007,0.004,0.004
816,0.871,0.410,1.062,0.024,0.011,0.005
818,0.882,0.415,1.063,0.011,0.005,0.006
820,0.957,0.451,1.062,0.111,0.052,0.006
El: -62.72
822,1.027,0.482,1.066,0.073,0.033,0.007
824,1.164,0.550,1.058,0.148,0.074,0.009
826,1.274,0.603,1.057,0.110,0.053,0.004
828,1.276,0.602,1.060,0.002,0.002,0.004
830,1.277,0.603,1.059,0.002,0.002,0.005
El: -62.70
833,1.280,0.604,1.059,0.007,0.004,0.003
835,1.280,0.606,1.056,0.005,0.004,0.004
837,1.282,0.606,1.058,0.004,0.001,0.003
839,1.285,0.607,1.059,0.003,0.002,0.003
841,1.286,0.607,1.060,0.002,0.001,0.003
El: -62.68
843,1.288,0.609,1.058,0.003,0.003,0.005
845,1.290,0.609,1.059,0.002,0.002,0.004
847,1.290,0.610,1.057,0.002,0.002,0.003
849,1.290,0.610,1.058,0.002,0.002,0.004
851,1.291,0.611,1.057,0.002,0.001,0.002
El: -62.66
853,1.294,0.611,1.058,0.004,0.002,0.003
855,1.296,0.612,1.058,0.002,0.002,0.004
857,1.298,0.613,1.058,0.003,0.003,0.004
859,1.299,0.614,1.057,0.002,0.002,0.004
El: -62.65
861,1.301,0.616,1.056,0.003,0.001,0.002
863,1.304,0.616,1.058,0.003,0.002,0.004
865,1.304,0.616,1.058,0.002,0.002,0.003
867,1.305,0.616,1.058,0.002,0.002,0.004
869,1.305,0.617,1.057,0.001,0.002,0.004
El: -62.63
871,1.305,0.617,1.058,0.001,0.002,0.003
873,1.305,0.616,1.059,0.002,0.001,0.002
875,1.303,0.616,1.058,0.003,0.002,0.003
877,1.304,0.616,1.059,0.002,0.001,0.003
880,1.303,0.615,1.059,0.002,0.001,0.003
El: -62.61
882,1.304,0.616,1.059,0.002,0.001,0.003
884,1.301,0.615,1.058,0.004,0.002,0.003
886,1.300,0.615,1.057,0.001,0.002,0.003
888,1.300,0.615,1.057,0.002,0.002,0.004
890,1.298,0.615,1.055,0.003,0.002,0.004
El: -62.59
892,1.296,0.613,1.058,0.002,0.003,0.005
894,1.296,0.614,1.056,0.002,0.003,0.005
896,1.297,0.614,1.056,0.002,0.002,0.005
898,1.296,0.614,1.056,0.002,0.002,0.005
900,1.297,0.615,1.055,0.003,0.002,0.004
El: -62.57
902,1.298,0.615,1.056,0.003,0.002,0.005
904,1.300,0.616,1.056,0.002,0.001,0.002
906,1.302,0.616,1.056,0.003,0.001,0.003
908,1.303,0.616,1.058,0.003,0.000,0.003
910,1.304,0.616,1.058,0.002,0.002,0.003
El: -62.55
912,1.304,0.617,1.057,0.002,0.002,0.003
914,1.305,0.617,1.057,0.001,0.002,0.004
916,1.306,0.618,1.056,0.002,0.003,0.005
918,1.307,0.618,1.058,0.003,0.002,0.005
920,1.307,0.619,1.057,0.002,0.003,0.004
El: -62.53
922,1.308,0.619,1.057,0.003,0.002,0.005
924,1.309,0.620,1.056,0.002,0.002,0.003
927,1.310,0.621,1.056,0.002,0.000,0.001
929,1.311,0.621,1.056,0.002,0.000,0.002
931,1.313,0.621,1.057,0.003,0.000,0.002
El: -62.51
933,1.312,0.621,1.057,0.003,0.000,0.002
935,1.314,0.621,1.059,0.003,0.000,0.002
937,1.315,0.621,1.059,0.001,0.000,0.001
939,1.314,0.621,1.059,0.001,0.000,0.001
941,1.316,0.621,1.059,0.002,0.002,0.003
El: -62.50
943,1.316,0.621,1.060,0.002,0.001,0.003
945,1.316,0.621,1.060,0.002,0.001,0.002
947,1.316,0.621,1.059,0.002,0.002,0.004
949,1.316,0.621,1.060,0.002,0.001,0.002
951,1.315,0.621,1.059,0.002,0.001,0.003
El: -62.48
953,1.316,0.621,1.059,0.002,0.001,0.003
955,1.316,0.621,1.060,0.002,0.000,0.002
957,1.315,0.621,1.059,0.002,0.001,0.003
959,1.316,0.621,1.060,0.002,0.000,0.002
El: -62.46
961,1.315,0.621,1.059,0.002,0.000,0.002
963,1.315,0.621,1.059,0.002,0.000,0.001
965,1.315,0.621,1.059,0.001,0.000,0.001
967,1.315,0.621,1.059,0.001,0.000,0.001
969,1.316,0.621,1.059,0.002,0.001,0.003
El: -62.44
972,1.315,0.621,1.059,0.002,0.001,0.002
974,1.315,0.621,1.059,0.000,0.000,0.000
976,1.315,0.621,1.059,0.002,0.000,0.001
978,1.315,0.621,1.059,0.001,0.000,0.001
980,1.316,0.622,1.058,0.003,0.002,0.004
El: -62.42
982,1.316,0.622,1.057,0.002,0.002,0.004
984,1.317,0.622,1.059,0.003,0.002,0.004
986,1.315,0.622,1.057,0.002,0.002,0.004
988,1.315,0.621,1.059,0.001,0.002,0.003
990,1.315,0.621,1.059,0.000,0.001,0.002
El: -62.40
992,1.314,0.621,1.059,0.002,0.000,0.001
994,1.314,0.621,1.058,0.002,0.000,0.001
996,1.315,0.621,1.059,0.001,0.000,0.001
998,1.315,0.621,1.059,0.000,0.000,0.000
1000,1.315,0.621,1.058,0.000,0.002,0.003
El: -62.38
1002,1.315,0.621,1.059,0.001,0.001,0.001
1004,1.315,0.621,1.059,0.001,0.000,0.001
1006,1.315,0.621,1.059,0.001,0.002,0.002
1008,1.315,0.622,1.057,0.001,0.002,0.005
1010,1.316,0.623,1.057,0.002,0.002,0.005
El: -62.36
1012,1.318,0.623,1.057,0.003,0.003,0.005
1014,1.317,0.624,1.055,0.003,0.002,0.005
1016,1.318,0.624,1.056,0.003,0.002,0.005
1019,1.318,0.624,1.057,0.003,0.002,0.005
1021,1.319,0.625,1.055,0.002,0.002,0.003
El: -62.34
1023,1.320,0.625,1.056,0.002,0.002,0.004
1025,1.320,0.626,1.055,0.001,0.001,0.002
1027,1.320,0.625,1.055,0.001,0.001,0.002
1029,1.320,0.626,1.055,0.001,0.000,0.001
1031,1.320,0.625,1.056,0.001,0.002,0.003
El: -62.32
1033,1.320,0.626,1.055,0.002,0.000,0.002
1035,1.320,0.626,1.055,0.001,0.000,0.001
1037,1.320,0.626,1.055,0.001,0.000,0.001
1039,1.320,0.626,1.055,0.001,0.000,0.001
1041,1.321,0.626,1.056,0.002,0.000,0.002
El: -62.31
1043,1.321,0.626,1.055,0.002,0.000,0.002
1045,1.321,0.626,1.055,0.002,0.000,0.002
1047,1.323,0.626,1.057,0.003,0.000,0.002
1049,1.323,0.626,1.058,0.002,0.000,0.002
El: -62.29
1051,1.323,0.626,1.058,0.002,0.000,0.002
1053,1.323,0.626,1.057,0.002,0.000,0.002
1055,1.324,0.626,1.058,0.002,0.001,0.002
1057,1.325,0.626,1.058,0.001,0.002,0.003
1059,1.326,0.626,1.059,0.003,0.001,0.004
El: -62.27
1061,1.327,0.627,1.058,0.003,0.002,0.003
1063,1.329,0.628,1.058,0.002,0.003,0.004
1066,1.330,0.629,1.057,0.001,0.003,0.004
1068,1.330,0.630,1.056,0.001,0.002,0.004
1070,1.330,0.629,1.057,0.001,0.002,0.004
El: -62.25
1072,1.332,0.630,1.056,0.003,0.001,0.002
1074,1.333,0.630,1.057,0.002,0.000,0.002
1076,1.335,0.631,1.058,0.002,0.001,0.002
1078,1.334,0.631,1.057,0.002,0.001,0.003
1080,1.335,0.632,1.057,0.002,0.002,0.004
El: -62.23
1082,1.336,0.632,1.057,0.002,0.002,0.004
1084,1.337,0.632,1.058,0.003,0.002,0.004
1086,1.338,0.632,1.059,0.003,0.002,0.004
1088,1.338,0.633,1.057,0.002,0.003,0.005
1090,1.339,0.632,1.058,0.002,0.002,0.005
El: -62.21
1092,1.339,0.632,1.059,0.002,0.002,0.004
1094,1.340,0.633,1.058,0.002,0.003,0.004
1096,1.340,0.634,1.057,0.002,0.002,0.004
1098,1.340,0.633,1.057,0.002,0.002,0.004
1100,1.340,0.634,1.057,0.001,0.002,0.004
El: -62.19
1102,1.339,0.634,1.057,0.001,0.002,0.004
1104,1.339,0.633,1.057,0.001,0.002,0.004
1106,1.339,0.632,1.060,0.001,0.003,0.005
1108,1.339,0.632,1.059,0.000,0.002,0.004
1111,1.339,0.632,1.059,0.001,0.002,0.004
El: -62.17
1113,1.339,0.633,1.058,0.002,0.003,0.004
1115,1.338,0.632,1.059,0.002,0.002,0.004
1117,1.337,0.631,1.059,0.003,0.002,0.004
1119,1.335,0.631,1.058,0.003,0.001,0.002
1121,1.337,0.631,1.059,0.004,0.002,0.004
El: -62.15
1123,1.337,0.632,1.058,0.003,0.002,0.004
1125,1.336,0.632,1.058,0.002,0.002,0.003
1127,1.336,0.631,1.059,0.002,0.002,0.003
1129,1.335,0.631,1.058,0.004,0.003,0.004
1131,1.339,0.633,1.058,0.005,0.004,0.004
El: -62.13
1133,1.473,0.697,1.056,0.162,0.077,0.004
1135,1.610,0.762,1.056,0.137,0.065,0.002
1137,1.611,0.762,1.057,0.003,0.002,0.002
1139,1.613,0.763,1.057,0.004,0.002,0.002
1141,1.611,0.763,1.056,0.004,0.002,0.002
El: -62.11
1143,1.615,0.765,1.056,0.005,0.003,0.003
1145,1.617,0.765,1.056,0.002,0.003,0.004
1147,1.617,0.765,1.056,0.003,0.002,0.004
1149,1.619,0.767,1.056,0.004,0.003,0.002
El: -62.09
1151,1.623,0.769,1.055,0.005,0.003,0.003
1153,1.627,0.771,1.055,0.004,0.003,0.003
1155,1.629,0.772,1.055,0.003,0.002,0.003
1158,1.633,0.774,1.055,0.005,0.003,0.003
1160,1.637,0.777,1.054,0.004,0.003,0.003
El: -62.07
1162,1.642,0.779,1.054,0.006,0.003,0.003
1164,1.649,0.782,1.054,0.008,0.003,0.002
1166,1.654,0.785,1.054,0.005,0.004,0.003
1168,1.659,0.787,1.054,0.005,0.002,0.002
1170,1.664,0.788,1.055,0.006,0.003,0.003
El: -62.05
1172,1.667,0.789,1.057,0.003,0.002,0.004
1174,1.666,0.788,1.057,0.002,0.002,0.003
1176,1.666,0.787,1.058,0.002,0.002,0.002
1178,1.666,0.787,1.059,0.002,0.000,0.002
1180,1.665,0.787,1.058,0.003,0.000,0.002
El: -62.03
1182,1.663,0.787,1.057,0.003,0.001,0.003
1184,1.663,0.787,1.057,0.002,0.001,0.002
1186,1.662,0.786,1.057,0.001,0.001,0.002
1188,1.660,0.785,1.057,0.003,0.002,0.004
1190,1.657,0.783,1.058,0.003,0.003,0.003
El: -62.01
1192,1.655,0.783,1.058,0.004,0.002,0.003
1194,1.653,0.782,1.057,0.003,0.001,0.002
1196,1.652,0.782,1.056,0.001,0.000,0.001
1198,1.652,0.782,1.057,0.001,0.001,0.002
1200,1.651,0.781,1.057,0.003,0.002,0.003
El: -61.99
1202,1.648,0.781,1.055,0.003,0.002,0.004
1205,1.648,0.780,1.056,0.002,0.002,0.004
1207,1.648,0.779,1.057,0.002,0.003,0.004
1209,1.647,0.780,1.056,0.002,0.002,0.004
1211,1.646,0.779,1.057,0.002,0.002,0.004
El: -61.98
1213,1.647,0.777,1.059,0.002,0.002,0.003
1215,1.646,0.779,1.057,0.002,0.003,0.004
1217,1.647,0.779,1.057,0.002,0.002,0.003
1219,1.648,0.779,1.058,0.002,0.002,0.003
1221,1.647,0.779,1.057,0.001,0.002,0.003
El: -61.96
1223,1.647,0.779,1.057,0.002,0.002,0.003
1225,1.647,0.779,1.057,0.000,0.002,0.003
1227,1.647,0.780,1.057,0.001,0.002,0.003
1229,1.648,0.779,1.057,0.001,0.002,0.003
1231,1.648,0.780,1.056,0.002,0.003,0.004
El: -61.94
1233,1.650,0.782,1.056,0.003,0.002,0.003
1235,1.649,0.781,1.055,0.003,0.002,0.002
1237,1.652,0.782,1.057,0.004,0.001,0.002
1239,1.651,0.782,1.056,0.002,0.001,0.003
El: -61.92
1241,1.650,0.782,1.056,0.003,0.002,0.003
1243,1.650,0.781,1.057,0.003,0.002,0.003
1245,1.651,0.781,1.056,0.003,0.002,0.002
1247,1.650,0.781,1.057,0.003,0.002,0.003
1249,1.648,0.780,1.057,0.003,0.003,0.003
El: -61.90
1252,1.648,0.778,1.059,0.002,0.002,0.003
1254,1.647,0.777,1.060,0.001,0.001,0.002
1256,1.647,0.778,1.058,0.002,0.002,0.003
1258,1.646,0.777,1.059,0.002,0.001,0.001
1260,1.646,0.777,1.059,0.002,0.001,0.002
El: -61.88
1262,1.647,0.777,1.059,0.002,0.000,0.001
1264,1.647,0.777,1.060,0.002,0.000,0.001
1266,1.647,0.777,1.059,0.002,0.001,0.001
1268,1.646,0.777,1.059,0.003,0.000,0.002
1270,1.646,0.777,1.059,0.003,0.000,0.002
El: -61.86
1272,1.645,0.777,1.058,0.003,0.000,0.002
1274,1.646,0.777,1.059,0.002,0.000,0.002
1276,1.646,0.777,1.059,0.002,0.000,0.001
1278,1.644,0.777,1.058,0.003,0.000,0.002
1280,1.646,0.777,1.058,0.003,0.001,0.002
El: -61.84
1282,1.646,0.777,1.059,0.002,0.001,0.002
1284,1.647,0.777,1.059,0.001,0.001,0.002
1286,1.647,0.778,1.059,0.001,0.001,0.002
1288,1.648,0.778,1.059,0.003,0.002,0.003
1290,1.650,0.779,1.059,0.003,0.002,0.004
El: -61.82
1292,1.651,0.779,1.059,0.003,0.003,0.004
1294,1.652,0.781,1.058,0.002,0.003,0.003
1297,1.653,0.781,1.058,0.002,0.002,0.003
1299,1.655,0.782,1.058,0.003,0.001,0.001
1301,1.657,0.782,1.059,0.002,0.000,0.001
El: -61.80
1303,1.657,0.782,1.060,0.001,0.000,0.001
1305,1.657,0.782,1.059,0.002,0.000,0.001
1307,1.657,0.782,1.059,0.002,0.000,0.001
1309,1.657,0.782,1.059,0.000,0.000,0.000
1311,1.657,0.782,1.059,0.002,0.001,0.001
El: -61.78
1313,1.657,0.782,1.059,0.001,0.001,0.001
1315,1.658,0.782,1.060,0.002,0.000,0.002
1317,1.660,0.783,1.060,0.003,0.002,0.003
1319,1.660,0.784,1.059,0.003,0.002,0.004
1321,1.662,0.784,1.060,0.002,0.002,0.004
El: -61.76
1323,1.662,0.784,1.060,0.002,0.002,0.003
1325,1.663,0.784,1.060,0.002,0.002,0.003
1327,1.665,0.785,1.061,0.003,0.002,0.004
1329,1.666,0.786,1.059,0.002,0.002,0.003
1331,1.667,0.787,1.059,0.002,0.000,0.001
El: -61.74
1333,1.667,0.787,1.059,0.002,0.001,0.002
1335,1.669,0.787,1.060,0.003,0.001,0.003
1337,1.672,0.787,1.062,0.003,0.001,0.002
1339,1.672,0.787,1.062,0.002,0.000,0.001
El: -61.72
1341,1.672,0.788,1.061,0.001,0.002,0.002
1344,1.673,0.789,1.060,0.002,0.003,0.004
1346,1.674,0.790,1.060,0.003,0.002,0.003
1348,1.676,0.790,1.061,0.002,0.002,0.003
1350,1.675,0.791,1.060,0.003,0.002,0.003
El: -61.70
1352,1.676,0.791,1.060,0.002,0.002,0.003
1354,1.677,0.791,1.060,0.003,0.002,0.002
1356,1.678,0.792,1.060,0.002,0.000,0.001
1358,1.678,0.792,1.059,0.002,0.002,0.002
1360,1.679,0.792,1.060,0.003,0.002,0.003
El: -61.68
1362,1.681,0.793,1.060,0.002,0.002,0.003
1364,1.682,0.793,1.060,0.001,0.002,0.003
1366,1.683,0.793,1.061,0.002,0.002,0.003
1368,1.685,0.795,1.060,0.003,0.003,0.004
1370,1.685,0.795,1.059,0.003,0.002,0.003
El: -61.66
1372,1.686,0.796,1.059,0.002,0.002,0.003
1374,1.688,0.797,1.060,0.003,0.001,0.002
1376,1.689,0.797,1.060,0.003,0.000,0.002
1378,1.691,0.797,1.061,0.002,0.000,0.001
1380,1.691,0.797,1.062,0.001,0.000,0.001
El: -61.64
1382,1.693,0.798,1.060,0.003,0.003,0.003
1384,1.695,0.799,1.061,0.003,0.002,0.003
1386,1.696,0.801,1.058,0.002,0.003,0.003
1388,1.698,0.801,1.060,0.003,0.002,0.004
1391,1.698,0.800,1.061,0.002,0.002,0.003
El: -61.62
1393,1.698,0.801,1.060,0.002,0.002,0.003
1395,1.699,0.801,1.061,0.003,0.001,0.003
1397,1.701,0.801,1.062,0.017,0.010,0.004
1399,1.702,0.802,1.061,0.003,0.002,0.003
1401,1.703,0.802,1.062,0.003,0.001,0.002
El: -61.60
1403,1.702,0.801,1.062,0.003,0.002,0.002
1405,1.705,0.804,1.061,0.004,0.003,0.003
1407,1.706,0.804,1.061,0.002,0.003,0.003
1409,1.708,0.805,1.060,0.003,0.002,0.002
1411,1.709,0.804,1.062,0.002,0.003,0.004
El: -61.58
1413,1.711,0.806,1.061,0.002,0.002,0.002
1415,1.711,0.806,1.062,0.002,0.002,0.002
1417,1.712,0.807,1.061,0.002,0.001,0.002
1419,1.714,0.807,1.062,0.003,0.001,0.002
1421,1.715,0.808,1.061,0.002,0.003,0.003
El: -61.56
1423,1.717,0.809,1.061,0.003,0.003,0.003
1425,1.718,0.809,1.062,0.003,0.002,0.003
1427,1.718,0.809,1.061,0.002,0.002,0.003
1429,1.719,0.810,1.062,0.003,0.002,0.003
El: -61.54
1431,1.721,0.810,1.062,0.002,0.002,0.003
1433,1.721,0.811,1.062,0.002,0.002,0.002
1436,1.724,0.811,1.063,0.004,0.002,0.003
1438,1.725,0.812,1.062,0.002,0.002,0.002
1440,1.725,0.813,1.062,0.002,0.002,0.003
El: -61.52
1442,1.726,0.813,1.062,0.002,0.002,0.003
1444,1.728,0.814,1.062,0.003,0.002,0.003
1446,1.728,0.815,1.061,0.003,0.003,0.004
1448,1.732,0.815,1.063,0.005,0.002,0.003
1450,1.735,0.816,1.063,0.003,0.001,0.001
El: -61.50
1452,1.737,0.816,1.064,0.003,0.001,0.002
1454,1.738,0.817,1.063,0.003,0.002,0.002
1456,1.739,0.818,1.063,0.003,0.003,0.004
1458,1.740,0.818,1.063,0.002,0.002,0.003
1460,1.740,0.819,1.063,0.002,0.002,0.003
El: -61.48
1462,1.740,0.818,1.063,0.002,0.002,0.003
1464,1.741,0.819,1.063,0.003,0.003,0.003
1466,1.745,0.821,1.062,0.004,0.002,0.002
1468,1.747,0.821,1.063,0.003,0.001,0.002
1470,1.748,0.823,1.062,0.003,0.003,0.004
El: -61.46
1472,1.750,0.823,1.063,0.003,0.002,0.003
1474,1.750,0.823,1.063,0.001,0.002,0.003
1476,1.750,0.823,1.064,0.001,0.002,0.003
1478,1.750,0.823,1.063,0.001,0.002,0.003
1480,1.751,0.823,1.063,0.002,0.002,0.003
El: -61.44
1483,1.751,0.823,1.064,0.002,0.002,0.003
1485,1.753,0.825,1.063,0.004,0.003,0.003
1487,1.754,0.825,1.063,0.003,0.002,0.003
1489,3.629,3.419,0.671,2.415,3.239,0.475
1491,5.000,5.000,0.500,1.371,1.581,0.171
El: -61.42
1493,5.000,5.000,0.500,0.000,0.000,0.000
1495,5.000,5.000,0.500,0.000,0.000,0.000
1497,5.000,5.000,0.500,0.000,0.000,0.000
1499,5.000,5.000,0.500,0.000,0.000,0.000
1501,5.000,5.000,0.500,0.000,0.000,0.000
El: -61.40
1503,2.363,1.691,0.923,2.868,3.675,0.490
1505,1.790,0.841,1.064,0.573,0.850,0.141
1507,1.788,0.840,1.065,0.003,0.002,0.003
1509,1.788,0.840,1.065,0.002,0.002,0.003
1511,1.789,0.841,1.064,0.003,0.001,0.001
El: -61.37
1513,1.789,0.841,1.064,0.002,0.001,0.001
1515,1.791,0.841,1.065,0.004,0.000,0.003
1517,1.792,0.841,1.065,0.003,0.002,0.002
1519,1.794,0.841,1.066,0.003,0.001,0.002
1521,1.794,0.842,1.065,0.002,0.002,0.003
El: -61.35
1523,1.796,0.844,1.064,0.003,0.003,0.004
1525,1.837,0.865,1.062,0.069,0.037,0.006
1527,4.460,4.479,0.530,2.844,3.828,0.550
1530,5.000,5.000,0.500,0.540,0.521,0.030
El: -61.33
1532,5.000,5.000,0.500,0.000,0.000,0.000
1534,5.000,5.000,0.500,0.000,0.000,0.000
1536,3.864,3.761,0.594,1.803,2.134,0.219
1538,1.863,0.874,1.065,2.002,2.887,0.471
1540,1.850,0.868,1.066,0.013,0.007,0.003
El: -61.31
1542,1.854,0.870,1.065,0.006,0.003,0.002
1544,1.854,0.870,1.066,0.004,0.003,0.002
1546,1.845,0.865,1.067,0.009,0.005,0.002
1548,1.843,0.865,1.066,0.003,0.001,0.002
1550,1.844,0.865,1.066,0.003,0.001,0.001
El: -61.29
1552,1.846,0.865,1.067,0.004,0.001,0.002
1554,1.850,0.868,1.066,0.005,0.003,0.003
1556,1.844,0.864,1.068,0.010,0.005,0.003
1558,1.853,0.869,1.066,0.012,0.006,0.003
1560,1.860,0.872,1.067,0.012,0.006,0.002
El: -61.27
1562,1.910,0.902,1.059,0.061,0.038,0.012
1564,2.678,2.019,0.889,1.546,2.102,0.320
1566,5.000,5.000,0.500,2.322,2.981,0.389
1568,5.000,5.000,0.500,0.000,0.000,0.000
1570,5.000,5.000,0.500,0.000,0.000,0.000
El: -61.25
1572,5.000,5.000,0.500,0.000,0.000,0.000
1575,3.869,3.539,0.681,1.818,2.396,0.312
1577,1.856,0.884,1.049,2.013,2.655,0.368
1579,1.866,0.891,1.047,0.012,0.008,0.004
1581,1.872,0.899,1.041,0.007,0.008,0.006
El: -61.23
1583,1.875,0.900,1.041,0.004,0.002,0.003
1585,1.873,0.900,1.041,0.010,0.005,0.003
1587,1.874,0.900,1.041,0.006,0.003,0.002
1589,1.873,0.899,1.041,0.003,0.002,0.001
1591,1.873,0.900,1.041,0.003,0.001,0.001
El: -61.21
1593,1.873,0.900,1.041,0.003,0.001,0.001
1595,1.874,0.900,1.042,0.004,0.001,0.001
1597,1.876,0.900,1.043,0.004,0.001,0.002
1599,1.876,0.900,1.043,0.003,0.001,0.001
1601,1.877,0.900,1.043,0.003,0.001,0.001
El: -61.19
1603,1.877,0.900,1.043,0.002,0.002,0.002
1605,1.878,0.900,1.043,0.003,0.002,0.002
1607,1.878,0.902,1.041,0.004,0.003,0.004
1609,1.879,0.901,1.042,0.004,0.003,0.003
1611,1.880,0.902,1.042,0.004,0.003,0.003
El: -61.17
1613,1.877,0.901,1.042,0.004,0.003,0.002
1615,1.879,0.900,1.044,0.004,0.002,0.003
1617,1.878,0.901,1.043,0.003,0.002,0.003
1619,1.877,0.900,1.043,0.003,0.002,0.002
El: -61.15
1622,1.877,0.900,1.043,0.003,0.001,0.001
1624,1.876,0.900,1.043,0.003,0.001,0.001
1626,1.873,0.899,1.042,0.004,0.001,0.002
1628,1.872,0.898,1.042,0.002,0.002,0.003
1630,1.872,0.897,1.043,0.003,0.003,0.003
El: -61.13
1632,1.870,0.896,1.043,0.005,0.003,0.002
1634,1.872,0.896,1.044,0.005,0.003,0.003
1636,1.869,0.895,1.044,0.005,0.002,0.001
1638,1.867,0.895,1.043,0.003,0.001,0.002
1640,1.864,0.894,1.043,0.004,0.002,0.002
El: -61.11
1642,1.862,0.894,1.042,0.003,0.002,0.002
1644,1.862,0.893,1.043,0.003,0.002,0.003
1646,1.861,0.892,1.043,0.004,0.003,0.003
1648,1.859,0.891,1.044,0.004,0.002,0.002
1650,1.858,0.890,1.044,0.003,0.001,0.001
El: -61.09
1652,1.858,0.890,1.044,0.002,0.001,0.001
1654,1.857,0.890,1.044,0.003,0.000,0.002
1656,1.854,0.889,1.043,0.005,0.002,0.002
1658,1.853,0.887,1.044,0.004,0.003,0.003
1660,1.850,0.885,1.045,0.005,0.002,0.002
El: -61.07
1662,1.848,0.885,1.044,0.003,0.001,0.002
1664,1.848,0.885,1.044,0.002,0.001,0.001
1666,1.849,0.885,1.045,0.004,0.001,0.002
1669,1.850,0.885,1.045,0.004,0.001,0.002
1671,1.848,0.885,1.044,0.003,0.001,0.001
El: -61.04
1673,1.848,0.885,1.044,0.002,0.001,0.002
1675,1.848,0.885,1.045,0.004,0.000,0.002
1677,1.848,0.885,1.044,0.003,0.002,0.001
1679,1.847,0.885,1.044,0.003,0.002,0.002
1681,1.847,0.884,1.045,0.003,0.002,0.002
El: -61.02
1683,1.844,0.882,1.045,0.005,0.004,0.002
1685,1.842,0.881,1.046,0.003,0.002,0.002
1687,1.842,0.880,1.046,0.003,0.002,0.002
1689,1.840,0.880,1.045,0.004,0.002,0.002
1691,1.838,0.880,1.044,0.003,0.001,0.001
El: -61.00
1693,1.837,0.879,1.045,0.004,0.002,0.003
1695,1.834,0.877,1.045,0.004,0.003,0.003
1697,1.834,0.877,1.046,0.003,0.002,0.003
1699,1.833,0.876,1.047,0.002,0.002,0.002
1701,1.831,0.875,1.046,0.004,0.001,0.002
El: -60.98
1703,1.828,0.875,1.045,0.003,0.001,0.001
1705,1.828,0.875,1.045,0.002,0.001,0.000
1707,1.829,0.875,1.045,0.002,0.001,0.001
1709,1.829,0.875,1.045,0.003,0.001,0.001
1711,1.828,0.875,1.045,0.002,0.001,0.000
El: -60.96
1714,1.828,0.875,1.045,0.000,0.000,0.000
1716,1.828,0.874,1.045,0.002,0.002,0.002
1718,1.827,0.874,1.045,0.004,0.002,0.003
1720,1.825,0.873,1.046,0.004,0.003,0.003
El: -60.94
1722,1.824,0.871,1.047,0.003,0.003,0.003
1724,1.825,0.871,1.047,0.003,0.002,0.003
1726,1.824,0.872,1.046,0.003,0.003,0.003
1728,1.824,0.872,1.045,0.003,0.002,0.003
1730,1.824,0.871,1.047,0.002,0.002,0.003
El: -60.92
1732,1.824,0.871,1.047,0.002,0.002,0.002
1734,1.824,0.871,1.047,0.002,0.002,0.002
1736,1.824,0.870,1.048,0.003,0.002,0.002
1738,1.824,0.870,1.047,0.002,0.001,0.001
1740,1.824,0.870,1.048,0.002,0.001,0.000
El: -60.90
1742,1.824,0.870,1.048,0.002,0.001,0.000
1744,1.823,0.870,1.047,0.003,0.001,0.001
1746,1.823,0.870,1.047,0.003,0.001,0.001
1748,1.823,0.870,1.047,0.003,0.001,0.001
1750,1.822,0.870,1.047,0.003,0.001,0.001
El: -60.88
1752,1.821,0.870,1.047,0.004,0.002,0.002
1754,1.819,0.870,1.045,0.003,0.000,0.002
1756,1.819,0.870,1.046,0.003,0.002,0.002
1758,1.818,0.868,1.047,0.002,0.003,0.004
1761,1.818,0.868,1.048,0.002,0.002,0.003
El: -60.85
1763,1.818,0.868,1.048,0.003,0.002,0.003
1765,1.817,0.869,1.046,0.004,0.002,0.003
1767,1.815,0.866,1.049,0.003,0.003,0.003
1769,1.814,0.866,1.048,0.003,0.001,0.002
1771,1.814,0.865,1.048,0.002,0.000,0.001
El: -60.83
1773,1.812,0.865,1.047,0.003,0.000,0.002
1775,1.810,0.865,1.046,0.003,0.002,0.002
1777,1.809,0.864,1.046,0.002,0.002,0.002
1779,1.808,0.863,1.048,0.003,0.003,0.003
1781,1.808,0.862,1.048,0.003,0.003,0.003
El: -60.81
1783,1.808,0.862,1.048,0.003,0.002,0.004
1785,1.807,0.863,1.047,0.003,0.002,0.003
1787,1.807,0.862,1.049,0.003,0.002,0.003
1789,1.807,0.861,1.050,0.003,0.002,0.003
1791,1.806,0.861,1.048,0.004,0.002,0.003
El: -60.79
1793,1.808,0.861,1.050,0.003,0.002,0.003
1795,1.809,0.863,1.048,0.003,0.003,0.004
1797,1.813,0.865,1.048,0.005,0.002,0.002
1799,1.814,0.865,1.048,0.003,0.001,0.001
1801,1.816,0.866,1.049,0.004,0.002,0.002
El: -60.77
1803,1.816,0.866,1.048,0.004,0.002,0.003
1805,1.815,0.866,1.048,0.003,0.002,0.002
1808,1.817,0.866,1.049,0.003,0.002,0.002
1810,1.818,0.868,1.048,0.003,0.003,0.003
El: -60.75
1812,1.819,0.868,1.048,0.003,0.003,0.003
1814,1.821,0.870,1.047,0.003,0.003,0.002
1816,1.823,0.870,1.048,0.003,0.000,0.001
1818,1.825,0.870,1.049,0.004,0.001,0.002
1820,1.828,0.871,1.049,0.004,0.002,0.002
El: -60.73
1822,1.831,0.874,1.048,0.004,0.003,0.003
1824,1.834,0.875,1.048,0.003,0.001,0.001
1826,1.836,0.875,1.049,0.004,0.000,0.002
1828,1.838,0.875,1.050,0.003,0.002,0.001
1830,1.842,0.878,1.049,0.005,0.003,0.003
El: -60.71
1832,1.843,0.879,1.048,0.002,0.002,0.003
1834,1.844,0.880,1.048,0.003,0.001,0.001
1836,1.846,0.880,1.049,0.003,0.001,0.002
1838,1.847,0.880,1.050,0.003,0.000,0.002
1840,1.848,0.880,1.049,0.002,0.002,0.002
El: -60.69
1842,1.848,0.880,1.050,0.003,0.001,0.001
1844,1.848,0.880,1.049,0.003,0.001,0.002
1846,1.848,0.880,1.049,0.003,0.002,0.002
1848,1.847,0.880,1.049,0.003,0.001,0.001
1850,1.844,0.880,1.048,0.004,0.001,0.002
El: -60.66
1853,1.843,0.880,1.047,0.003,0.001,0.001
1855,1.843,0.880,1.047,0.002,0.001,0.000
1857,1.843,0.879,1.049,0.002,0.002,0.003
1859,1.843,0.879,1.048,0.003,0.002,0.003
1861,1.842,0.879,1.048,0.003,0.002,0.003
El: -60.64
1863,1.838,0.876,1.049,0.004,0.003,0.003
1865,1.837,0.875,1.049,0.004,0.002,0.002
1867,1.835,0.875,1.048,0.004,0.001,0.002
1869,1.833,0.875,1.048,0.002,0.000,0.001
1871,1.833,0.875,1.047,0.002,0.001,0.001
El: -60.62
1873,1.833,0.874,1.048,0.003,0.002,0.003
1875,1.832,0.873,1.049,0.003,0.002,0.003
1877,1.830,0.873,1.048,0.004,0.003,0.003
1879,1.828,0.871,1.049,0.003,0.003,0.003
1881,1.827,0.872,1.048,0.004,0.002,0.004
El: -60.60
1883,1.826,0.871,1.048,0.003,0.002,0.003
1885,1.824,0.871,1.047,0.003,0.002,0.002
1887,1.823,0.871,1.047,0.003,0.002,0.003
1889,1.821,0.870,1.046,0.004,0.001,0.002
1891,1.819,0.869,1.046,0.003,0.003,0.002
El: -60.58
1893,1.819,0.869,1.047,0.002,0.002,0.003
1895,1.818,0.869,1.046,0.002,0.002,0.003
1897,1.817,0.869,1.046,0.003,0.002,0.003
1900,1.817,0.868,1.047,0.002,0.003,0.003
1902,1.815,0.866,1.047,0.004,0.003,0.002
El: -60.56
1904,1.814,0.866,1.047,0.002,0.002,0.003
1906,1.818,0.867,1.048,0.004,0.002,0.003
1908,1.818,0.868,1.048,0.002,0.003,0.003
1910,1.817,0.868,1.047,0.003,0.002,0.003
El: -60.54
1912,1.817,0.867,1.048,0.003,0.002,0.003
1914,1.818,0.869,1.046,0.003,0.003,0.004
1916,1.819,0.869,1.047,0.002,0.002,0.003
1918,1.818,0.868,1.047,0.003,0.003,0.003
1920,1.816,0.867,1.048,0.004,0.003,0.003
El: -60.52
1922,1.816,0.867,1.047,0.003,0.003,0.003
1924,1.818,0.867,1.048,0.003,0.002,0.003
1926,1.818,0.868,1.047,0.003,0.003,0.003
1928,1.819,0.868,1.047,0.002,0.002,0.003
1930,1.817,0.867,1.048,0.004,0.003,0.003
El: -60.49
1932,1.818,0.867,1.048,0.003,0.002,0.003
1934,1.817,0.867,1.048,0.003,0.002,0.003
1936,1.817,0.866,1.049,0.004,0.002,0.003
1938,1.816,0.866,1.048,0.003,0.002,0.003
1940,1.819,0.870,1.046,0.003,0.004,0.003
El: -60.47
1942,1.819,0.870,1.046,0.003,0.000,0.002
1944,1.819,0.870,1.046,0.002,0.001,0.002
1947,1.819,0.868,1.048,0.002,0.003,0.004
1949,1.818,0.868,1.048,0.003,0.002,0.003
1951,1.816,0.867,1.048,0.003,0.002,0.003
El: -60.45
1953,1.817,0.866,1.049,0.003,0.002,0.002
1955,1.814,0.865,1.048,0.004,0.001,0.001
1957,1.814,0.866,1.048,0.002,0.001,0.002
1959,1.813,0.865,1.048,0.003,0.002,0.002
1961,1.813,0.865,1.047,0.002,0.001,0.001
El: -60.43
1963,1.811,0.865,1.047,0.003,0.001,0.002
1965,1.810,0.864,1.048,0.003,0.002,0.003
1967,1.809,0.864,1.047,0.003,0.002,0.003
1969,1.809,0.863,1.047,0.002,0.003,0.003
1971,1.806,0.862,1.047,0.004,0.003,0.003
El: -60.41
1973,1.806,0.862,1.048,0.005,0.004,0.002
1975,1.803,0.861,1.047,0.005,0.002,0.002
1977,1.800,0.860,1.046,0.004,0.001,0.002
1979,1.800,0.860,1.046,0.003,0.000,0.002
1981,1.797,0.859,1.046,0.004,0.002,0.003
El: -60.39
1983,1.794,0.856,1.048,0.005,0.003,0.002
1985,1.791,0.855,1.047,0.004,0.001,0.002
1987,1.791,0.856,1.047,0.003,0.002,0.002
1989,1.789,0.854,1.047,0.005,0.002,0.003
1992,1.788,0.854,1.046,0.002,0.002,0.003
El: -60.37
1994,1.787,0.855,1.045,0.003,0.002,0.003
1996,1.785,0.854,1.045,0.003,0.003,0.003
1998,1.786,0.854,1.046,0.003,0.002,0.003
2000,1.786,0.854,1.045,0.003,0.002,0.003
El: -60.34
2002,1.787,0.855,1.046,0.003,0.002,0.002
2004,1.789,0.855,1.046,0.002,0.001,0.001
2006,1.789,0.855,1.046,0.002,0.000,0.001
2008,1.788,0.855,1.046,0.003,0.002,0.003
2010,1.786,0.854,1.045,0.003,0.002,0.003
El: -60.32
2012,1.785,0.853,1.047,0.003,0.003,0.003
2014,1.788,0.854,1.046,0.004,0.002,0.003
2016,1.788,0.854,1.047,0.003,0.002,0.002
2018,1.789,0.855,1.046,0.003,0.002,0.003
2020,1.789,0.855,1.046,0.002,0.001,0.002
El: -60.30
2022,1.788,0.853,1.047,0.003,0.003,0.003
2024,1.786,0.853,1.047,0.003,0.003,0.003