5,0.084,0.041,1.024,0.002,0.002,0.064
7,0.084,0.040,1.045,0.001,0.002,0.058
9,0.084,0.041,1.024,0.002,0.003,0.061
11,0.084,0.041,1.035,0.002,0.002,0.046
13,0.084,0.042,0.998,0.001,0.003,0.073
15,0.084,0.042,1.004,0.001,0.002,0.068
17,0.083,0.040,1.036,0.001,0.003,0.063
19,0.084,0.041,1.033,0.001,0.002,0.061
21,0.084,0.041,1.016,0.001,0.003,0.069
23,0.083,0.042,0.986,0.000,0.003,0.064
25,0.083,0.040,1.033,0.000,0.003,0.070
27,0.083,0.042,1.007,0.001,0.003,0.069
29,0.083,0.041,1.021,0.000,0.002,0.058
31,0.083,0.040,1.048,0.001,0.002,0.045
33,0.083,0.040,1.039,0.000,0.002,0.048
35,0.083,0.040,1.051,0.000,0.002,0.037
37,0.083,0.041,1.021,0.000,0.003,0.064
39,0.083,0.041,1.012,0.001,0.002,0.058
41,0.083,0.041,1.027,0.000,0.002,0.056
44,0.083,0.041,1.021,0.000,0.002,0.057
46,0.083,0.040,1.027,0.002,0.002,0.057
48,0.083,0.041,1.013,0.001,0.003,0.064
50,0.082,0.042,0.989,0.002,0.003,0.063
52,0.083,0.040,1.027,0.002,0.003,0.067
54,0.083,0.041,1.015,0.001,0.002,0.062
56,0.083,0.040,1.030,0.001,0.002,0.053
58,0.083,0.040,1.033,0.000,0.002,0.051
60,0.083,0.040,1.045,0.000,0.002,0.044
62,0.083,0.040,1.033,0.000,0.002,0.052
64,0.082,0.040,1.030,0.002,0.002,0.048
66,0.083,0.040,1.027,0.001,0.002,0.051
68,0.083,0.040,1.033,0.000,0.002,0.052
70,0.083,0.040,1.033,0.000,0.002,0.051
72,0.083,0.040,1.045,0.000,0.002,0.044
74,0.083,0.040,1.039,0.002,0.002,0.051
76,0.082,0.040,1.030,0.002,0.002,0.049
78,0.083,0.041,1.018,0.001,0.002,0.062
80,0.083,0.041,1.027,0.000,0.002,0.055
82,0.083,0.040,1.033,0.002,0.002,0.048
84,0.083,0.040,1.033,0.001,0.002,0.054
86,0.083,0.040,1.042,0.001,0.002,0.051
88,0.082,0.041,1.007,0.002,0.003,0.076
91,0.083,0.041,1.009,0.002,0.002,0.061
93,0.083,0.040,1.039,0.001,0.002,0.053
95,0.082,0.040,1.020,0.002,0.002,0.053
97,0.083,0.040,1.033,0.001,0.002,0.053
99,0.083,0.040,1.039,0.000,0.002,0.048
101,0.082,0.039,1.047,0.002,0.001,0.033
103,0.082,0.039,1.047,0.002,0.001,0.032
105,0.083,0.040,1.027,0.001,0.002,0.055
107,0.082,0.039,1.044,0.002,0.001,0.046
109,0.083,0.039,1.057,0.001,0.001,0.028
111,0.082,0.041,1.018,0.002,0.003,0.070
113,0.082,0.040,1.015,0.002,0.002,0.060
115,0.082,0.040,1.030,0.002,0.002,0.053
117,0.082,0.041,1.002,0.002,0.003,0.056
119,0.082,0.040,1.015,0.002,0.002,0.056
121,0.081,0.040,1.026,0.002,0.002,0.055
123,0.082,0.040,1.032,0.002,0.001,0.048
125,0.080,0.040,1.000,0.003,0.002,0.068
127,0.081,0.040,1.017,0.002,0.002,0.052
129,0.082,0.041,1.018,0.002,0.002,0.058
131,0.082,0.040,1.032,0.002,0.002,0.043
133,0.082,0.039,1.044,0.002,0.001,0.036
135,0.081,0.039,1.031,0.003,0.000,0.034
138,0.082,0.039,1.041,0.002,0.001,0.036
140,0.081,0.040,1.017,0.002,0.002,0.057
142,0.082,0.040,1.032,0.002,0.002,0.043
144,0.082,0.039,1.047,0.002,0.000,0.031
146,0.082,0.040,1.041,0.002,0.002,0.040
148,0.083,0.040,1.048,0.001,0.001,0.045
150,0.082,0.040,1.026,0.002,0.002,0.052
152,0.082,0.040,1.033,0.002,0.002,0.051
154,0.082,0.040,1.030,0.002,0.002,0.048
156,0.082,0.040,1.024,0.002,0.002,0.054
158,0.082,0.040,1.030,0.002,0.002,0.060
160,0.083,0.041,1.009,0.001,0.003,0.065
162,0.083,0.040,1.027,0.001,0.002,0.060
164,0.083,0.041,1.012,0.001,0.003,0.059
166,0.083,0.041,1.024,0.001,0.002,0.055
168,0.083,0.040,1.042,0.001,0.002,0.047
170,0.083,0.040,1.039,0.001,0.002,0.044
172,0.083,0.040,1.045,0.000,0.002,0.043
174,0.083,0.041,1.021,0.000,0.003,0.061
176,0.083,0.040,1.042,0.001,0.002,0.048
178,0.083,0.040,1.036,0.001,0.002,0.054
180,0.083,0.041,1.009,0.000,0.003,0.065
182,0.083,0.040,1.039,0.000,0.002,0.056
185,0.083,0.041,1.021,0.000,0.002,0.059
187,0.083,0.040,1.033,0.000,0.002,0.052
189,0.084,0.041,1.033,0.002,0.002,0.061
191,0.083,0.040,1.033,0.000,0.002,0.051
193,0.083,0.041,1.018,0.001,0.002,0.058
195,0.083,0.041,1.027,0.000,0.002,0.055
197,0.083,0.041,1.009,0.000,0.003,0.061
199,0.083,0.041,1.021,0.000,0.002,0.058
201,0.083,0.042,1.001,0.001,0.003,0.066
203,0.083,0.040,1.027,0.001,0.002,0.057
205,0.083,0.042,0.992,0.001,0.003,0.070
207,0.083,0.041,1.015,0.001,0.003,0.060
209,0.083,0.040,1.042,0.001,0.002,0.051
211,0.083,0.042,0.998,0.000,0.003,0.073
213,0.083,0.040,1.042,0.001,0.003,0.062
215,0.083,0.041,1.013,0.001,0.003,0.069
217,0.083,0.041,1.015,0.000,0.002,0.058
219,0.083,0.040,1.033,0.000,0.002,0.054
221,0.083,0.041,1.027,0.000,0.002,0.054
223,0.083,0.040,1.033,0.000,0.002,0.051
225,0.083,0.040,1.030,0.001,0.002,0.057
227,0.083,0.041,1.015,0.000,0.003,0.060
230,0.083,0.041,1.024,0.001,0.002,0.054
232,0.083,0.041,1.021,0.000,0.002,0.056
234,0.083,0.039,1.053,0.001,0.002,0.043
236,0.083,0.040,1.042,0.001,0.002,0.051
238,0.082,0.041,1.006,0.002,0.003,0.072
240,0.082,0.041,1.004,0.002,0.002,0.071
242,0.081,0.040,1.011,0.002,0.002,0.054
244,0.082,0.040,1.027,0.002,0.002,0.056
246,0.082,0.041,1.012,0.002,0.002,0.064
248,0.081,0.040,1.023,0.002,0.002,0.045
250,0.083,0.040,1.042,0.002,0.002,0.047
252,0.082,0.040,1.041,0.002,0.001,0.039
254,0.082,0.039,1.041,0.002,0.001,0.035
256,0.082,0.040,1.029,0.002,0.002,0.046
258,0.083,0.039,1.050,0.002,0.001,0.037
260,0.080,0.040,1.014,0.003,0.001,0.063
262,0.080,0.040,1.017,0.002,0.001,0.052
264,0.081,0.040,1.012,0.002,0.002,0.062
266,0.080,0.040,1.014,0.003,0.002,0.051
268,0.080,0.040,0.999,0.002,0.002,0.052
270,0.081,0.040,1.020,0.003,0.002,0.051
272,0.080,0.039,1.025,0.002,0.000,0.031
274,0.079,0.039,1.010,0.002,0.001,0.041
277,0.080,0.039,1.023,0.003,0.001,0.045
279,0.080,0.040,1.017,0.002,0.001,0.052
281,0.079,0.039,1.010,0.002,0.001,0.039
283,0.080,0.039,1.023,0.003,0.001,0.045
285,0.079,0.039,1.016,0.002,0.000,0.028
287,0.081,0.039,1.034,0.003,0.000,0.036
289,0.080,0.039,1.028,0.002,0.000,0.032
291,0.079,0.039,1.009,0.002,0.000,0.029
293,0.079,0.039,1.009,0.002,0.000,0.022
295,0.078,0.039,1.003,0.001,0.000,0.015
297,0.079,0.039,1.006,0.001,0.000,0.019
299,0.078,0.039,1.003,0.001,0.000,0.014
301,0.078,0.039,1.003,0.001,0.000,0.014
303,0.079,0.039,1.006,0.001,0.000,0.019
305,0.079,0.039,1.017,0.002,0.001,0.038
307,0.079,0.039,1.006,0.001,0.000,0.021
309,0.078,0.039,1.000,0.000,0.000,0.006
311,0.079,0.039,1.009,0.002,0.000,0.024
313,0.078,0.039,1.003,0.001,0.000,0.015
315,0.079,0.039,1.013,0.001,0.001,0.037
317,0.079,0.039,1.001,0.001,0.001,0.034
319,0.078,0.039,0.997,0.001,0.000,0.014
321,0.078,0.039,1.014,0.000,0.002,0.046
324,0.078,0.039,1.007,0.000,0.001,0.032
326,0.078,0.039,1.000,0.000,0.000,0.007
328,0.078,0.039,1.004,0.001,0.001,0.035
330,0.078,0.039,1.000,0.000,0.000,0.004
332,0.078,0.039,1.004,0.001,0.001,0.035
334,0.077,0.039,0.991,0.002,0.000,0.026
336,0.077,0.039,0.984,0.002,0.000,0.028
338,0.077,0.039,0.995,0.002,0.001,0.043
340,0.077,0.039,1.002,0.002,0.001,0.054
342,0.076,0.038,0.999,0.002,0.002,0.059
344,0.077,0.038,1.019,0.002,0.002,0.069
346,0.077,0.038,1.012,0.002,0.002,0.063
348,0.078,0.038,1.022,0.002,0.002,0.056
350,0.077,0.038,1.017,0.002,0.002,0.078
352,0.076,0.038,1.021,0.002,0.002,0.084
354,0.075,0.037,1.011,0.003,0.002,0.072
356,0.076,0.038,1.014,0.003,0.002,0.076
358,0.077,0.038,1.009,0.002,0.002,0.065
360,0.075,0.038,0.998,0.003,0.002,0.081
362,0.076,0.038,0.993,0.002,0.002,0.058
364,0.076,0.038,1.003,0.003,0.002,0.062
366,0.076,0.037,1.021,0.002,0.002,0.083
369,0.076,0.038,1.013,0.002,0.002,0.070
371,0.077,0.038,1.023,0.002,0.002,0.074
373,0.076,0.038,1.000,0.003,0.002,0.067
375,0.077,0.038,1.009,0.002,0.002,0.066
377,0.077,0.038,1.027,0.002,0.002,0.082
379,0.077,0.039,0.998,0.002,0.002,0.054
381,0.076,0.037,1.027,0.002,0.003,0.082
383,0.076,0.038,1.010,0.002,0.002,0.070
385,0.078,0.038,1.029,0.002,0.002,0.071
387,0.076,0.039,0.972,0.003,0.001,0.065
389,0.076,0.037,1.031,0.002,0.003,0.097
391,0.076,0.038,1.003,0.002,0.002,0.063
393,0.077,0.037,1.037,0.002,0.003,0.085
395,0.076,0.038,1.010,0.002,0.002,0.074
397,0.076,0.039,0.979,0.003,0.002,0.061
399,0.076,0.038,0.994,0.002,0.002,0.074
401,0.076,0.038,0.999,0.003,0.002,0.059
403,0.076,0.038,1.010,0.002,0.002,0.076
405,0.076,0.039,0.989,0.002,0.002,0.063
407,0.076,0.038,1.007,0.002,0.002,0.076
409,0.076,0.037,1.018,0.003,0.002,0.089
411,0.076,0.038,1.013,0.002,0.002,0.073
413,0.076,0.037,1.020,0.002,0.002,0.061
416,0.075,0.038,0.986,0.003,0.002,0.061
418,0.076,0.038,1.007,0.002,0.002,0.076
420,0.077,0.038,1.020,0.003,0.002,0.070
422,0.076,0.038,0.994,0.003,0.002,0.083
424,0.075,0.037,1.011,0.002,0.002,0.076
426,0.076,0.039,0.979,0.002,0.002,0.062
428,0.075,0.037,1.004,0.002,0.003,0.068
430,0.075,0.038,0.983,0.002,0.002,0.052
432,0.075,0.038,0.987,0.002,0.002,0.067
434,0.075,0.038,0.990,0.002,0.002,0.066
436,0.075,0.038,0.990,0.002,0.002,0.059
438,0.075,0.038,0.977,0.002,0.002,0.067
440,0.075,0.039,0.977,0.002,0.001,0.062
442,0.075,0.037,1.000,0.002,0.003,0.062
444,0.074,0.038,0.967,0.002,0.002,0.067
446,0.075,0.038,0.997,0.002,0.002,0.070
448,0.074,0.038,0.968,0.002,0.002,0.072
450,0.075,0.038,0.987,0.002,0.002,0.066
452,0.075,0.037,1.007,0.002,0.003,0.061
454,0.075,0.037,1.000,0.002,0.002,0.058
456,0.075,0.037,1.007,0.002,0.002,0.070
458,0.075,0.037,1.012,0.002,0.002,0.089
460,0.074,0.038,0.981,0.002,0.002,0.068
463,0.074,0.038,0.967,0.002,0.002,0.060
465,0.074,0.037,0.987,0.001,0.003,0.066
467,0.075,0.037,1.007,0.002,0.002,0.069
469,0.074,0.037,0.998,0.002,0.002,0.071
471,0.074,0.037,1.008,0.001,0.002,0.066
473,0.073,0.037,0.984,0.000,0.002,0.068
475,0.073,0.037,1.004,0.000,0.003,0.070
477,0.074,0.038,0.974,0.001,0.002,0.065
479,0.073,0.037,1.004,0.000,0.003,0.074
481,0.073,0.037,0.991,0.000,0.002,0.067
483,0.073,0.036,1.018,0.000,0.003,0.071
485,0.073,0.037,0.984,0.000,0.003,0.072
487,0.073,0.037,0.998,0.000,0.002,0.068
489,0.073,0.036,1.031,0.000,0.003,0.070
491,0.073,0.036,1.025,0.000,0.002,0.064
493,0.073,0.037,0.991,0.000,0.003,0.074
495,0.073,0.036,1.025,0.000,0.003,0.072
497,0.073,0.036,1.018,0.000,0.002,0.066
499,0.073,0.035,1.038,0.000,0.002,0.061
501,0.073,0.037,0.988,0.002,0.003,0.092
503,0.073,0.035,1.045,0.001,0.003,0.078
505,0.073,0.035,1.038,0.000,0.002,0.058
508,0.073,0.036,1.028,0.001,0.002,0.062
510,0.073,0.035,1.034,0.001,0.002,0.058
512,0.073,0.036,1.028,0.001,0.002,0.061
514,0.073,0.035,1.034,0.001,0.002,0.058
516,0.073,0.035,1.031,0.001,0.002,0.065
518,0.073,0.035,1.048,0.002,0.002,0.055
520,0.072,0.035,1.027,0.002,0.002,0.064
522,0.073,0.035,1.058,0.001,0.002,0.051
524,0.073,0.035,1.047,0.002,0.001,0.046
526,0.072,0.036,1.018,0.002,0.002,0.082
528,0.072,0.035,1.024,0.002,0.002,0.067
530,0.071,0.034,1.037,0.002,0.001,0.052
532,0.072,0.035,1.033,0.002,0.001,0.046
534,0.071,0.035,1.019,0.002,0.002,0.049
536,0.072,0.035,1.034,0.002,0.001,0.063
538,0.072,0.034,1.057,0.002,0.000,0.037
540,0.071,0.035,1.023,0.003,0.002,0.069
542,0.072,0.035,1.027,0.002,0.002,0.057
544,0.071,0.035,1.023,0.003,0.001,0.053
546,0.071,0.035,1.022,0.002,0.001,0.044
548,0.070,0.034,1.012,0.002,0.001,0.045
550,0.071,0.034,1.032,0.003,0.000,0.041
552,0.071,0.034,1.032,0.002,0.000,0.036
555,0.070,0.034,1.025,0.002,0.000,0.035
557,0.070,0.034,1.021,0.002,0.000,0.033
559,0.070,0.034,1.025,0.002,0.000,0.034
561,0.070,0.034,1.018,0.002,0.000,0.032
563,0.070,0.034,1.021,0.002,0.000,0.033
565,0.069,0.034,1.014,0.002,0.000,0.029
567,0.069,0.034,1.023,0.002,0.001,0.044
569,0.070,0.034,1.021,0.002,0.000,0.033
571,0.071,0.034,1.039,0.003,0.000,0.040
573,0.070,0.034,1.018,0.003,0.000,0.038
575,0.069,0.034,1.023,0.002,0.001,0.058
577,0.069,0.034,1.024,0.002,0.001,0.052
579,0.070,0.034,1.021,0.002,0.000,0.033
581,0.069,0.034,1.023,0.002,0.001,0.044
583,0.070,0.034,1.018,0.002,0.000,0.031
585,0.069,0.034,1.012,0.001,0.001,0.039
587,0.069,0.034,1.015,0.001,0.001,0.041
589,0.069,0.034,1.004,0.001,0.000,0.020
591,0.068,0.034,1.008,0.000,0.001,0.037
593,0.068,0.034,1.008,0.000,0.001,0.036
595,0.068,0.034,1.000,0.000,0.000,0.008
597,0.068,0.034,1.000,0.000,0.000,0.000
599,0.068,0.034,1.000,0.000,0.000,0.000
602,0.069,0.034,1.004,0.001,0.000,0.016
604,0.069,0.034,1.004,0.002,0.000,0.027
606,0.069,0.034,1.012,0.002,0.001,0.046
608,0.068,0.033,1.033,0.000,0.002,0.070
610,0.069,0.034,1.004,0.001,0.001,0.034
612,0.069,0.034,1.020,0.001,0.002,0.054
614,0.068,0.034,1.017,0.000,0.001,0.050
616,0.068,0.034,1.010,0.002,0.001,0.057
618,0.068,0.033,1.018,0.001,0.002,0.067
620,0.069,0.033,1.029,0.001,0.002,0.061
622,0.068,0.034,1.008,0.000,0.001,0.042
624,0.068,0.034,1.008,0.000,0.001,0.036
626,0.068,0.034,1.017,0.000,0.001,0.051
628,0.068,0.034,1.010,0.002,0.001,0.057
630,0.068,0.034,1.006,0.002,0.001,0.059
632,0.068,0.033,1.042,0.001,0.002,0.081
634,0.068,0.034,1.000,0.000,0.001,0.042
636,0.068,0.034,1.000,0.000,0.000,0.000
638,0.068,0.034,1.000,0.000,0.000,0.000
640,0.068,0.034,1.000,0.000,0.000,0.000
642,0.069,0.034,1.007,0.002,0.000,0.023
644,0.068,0.034,1.000,0.000,0.000,0.007
646,0.069,0.034,1.004,0.001,0.000,0.016
649,0.068,0.034,1.000,0.000,0.000,0.004
651,0.068,0.034,1.013,0.001,0.002,0.055
653,0.068,0.033,1.023,0.002,0.002,0.077
655,0.068,0.033,1.026,0.003,0.002,0.080
657,0.068,0.034,1.009,0.002,0.001,0.064
659,0.068,0.034,1.000,0.000,0.000,0.009
661,0.068,0.034,1.008,0.002,0.001,0.044
663,0.068,0.034,1.005,0.001,0.001,0.040
665,0.068,0.034,1.005,0.001,0.001,0.040
667,0.068,0.034,1.005,0.001,0.001,0.040
669,0.069,0.034,1.020,0.001,0.001,0.054
671,0.068,0.034,1.000,0.000,0.000,0.020
673,0.068,0.034,1.008,0.000,0.001,0.037
675,0.068,0.034,1.008,0.000,0.001,0.036
677,0.068,0.034,1.008,0.000,0.001,0.036
679,0.068,0.034,1.017,0.000,0.001,0.051
681,0.068,0.034,1.017,0.000,0.001,0.050
683,0.069,0.034,1.004,0.001,0.000,0.020
685,0.069,0.034,1.020,0.001,0.002,0.054
687,0.068,0.034,1.017,0.000,0.001,0.050
689,0.068,0.033,1.046,0.001,0.002,0.086
691,0.068,0.034,1.000,0.000,0.001,0.046
694,0.068,0.034,1.000,0.002,0.000,0.023
696,0.068,0.034,0.996,0.002,0.000,0.028
698,0.069,0.034,1.004,0.001,0.000,0.017
700,0.068,0.034,0.996,0.001,0.000,0.017
702,0.068,0.034,1.008,0.000,0.001,0.038
704,0.068,0.034,1.013,0.001,0.001,0.054
706,0.068,0.034,1.006,0.002,0.001,0.060
708,0.068,0.034,0.996,0.001,0.000,0.018
710,0.068,0.034,1.008,0.000,0.001,0.038
712,0.068,0.034,1.000,0.000,0.000,0.008
714,0.068,0.034,1.005,0.001,0.001,0.041
716,0.068,0.034,1.008,0.000,0.001,0.036
718,0.068,0.034,0.998,0.002,0.001,0.048
720,0.068,0.034,1.010,0.001,0.001,0.058
722,0.068,0.034,0.993,0.001,0.000,0.027
724,0.068,0.034,1.001,0.001,0.001,0.044
726,0.067,0.033,1.008,0.003,0.002,0.086
728,0.068,0.034,1.009,0.002,0.002,0.044
730,0.067,0.033,1.000,0.003,0.002,0.078
732,0.068,0.034,0.993,0.002,0.001,0.023
734,0.068,0.034,1.017,0.000,0.002,0.055
736,0.068,0.034,1.005,0.001,0.001,0.042
738,0.068,0.034,1.005,0.002,0.001,0.047
741,0.068,0.034,1.001,0.001,0.001,0.044
743,0.068,0.033,1.014,0.002,0.002,0.070
745,0.068,0.033,1.018,0.001,0.002,0.066
747,0.068,0.034,0.998,0.002,0.001,0.051
749,0.068,0.034,1.006,0.002,0.001,0.060
751,0.068,0.034,0.998,0.002,0.001,0.047
753,0.068,0.033,1.035,0.001,0.002,0.087
755,0.068,0.034,0.993,0.001,0.001,0.047
757,0.067,0.033,1.024,0.002,0.002,0.093
759,0.067,0.034,1.002,0.002,0.002,0.065
761,0.067,0.033,1.017,0.002,0.002,0.093
763,0.067,0.034,0.990,0.002,0.001,0.057
765,0.067,0.033,1.027,0.002,0.002,0.093
767,0.067,0.032,1.052,0.002,0.003,0.094
769,0.066,0.032,1.045,0.003,0.002,0.100
771,0.066,0.033,1.008,0.003,0.002,0.085
773,0.066,0.033,0.992,0.002,0.002,0.073
775,0.066,0.033,0.996,0.002,0.002,0.070
777,0.066,0.033,0.996,0.002,0.002,0.070
779,0.067,0.033,1.000,0.002,0.002,0.077
781,0.067,0.033,1.011,0.002,0.002,0.076
783,0.067,0.033,1.028,0.002,0.002,0.090
785,0.067,0.033,1.007,0.002,0.002,0.076
788,0.066,0.033,1.005,0.003,0.002,0.083
790,0.065,0.033,0.990,0.002,0.002,0.090
792,0.065,0.033,1.000,0.002,0.002,0.063
794,0.067,0.032,1.057,0.003,0.003,0.109
796,0.065,0.033,0.986,0.003,0.002,0.105
798,0.066,0.033,1.017,0.002,0.002,0.097
800,0.065,0.033,0.983,0.002,0.002,0.093
802,0.065,0.033,0.974,0.002,0.002,0.062
804,0.065,0.033,0.979,0.002,0.002,0.080
806,0.066,0.033,0.996,0.003,0.002,0.067
808,0.065,0.032,1.025,0.002,0.003,0.091
810,0.064,0.032,1.002,0.002,0.002,0.079
812,0.065,0.033,0.990,0.003,0.002,0.089
814,0.065,0.033,0.970,0.002,0.002,0.070
816,0.064,0.033,0.971,0.002,0.002,0.072
818,0.065,0.032,1.029,0.002,0.003,0.105
820,0.064,0.033,0.971,0.002,0.002,0.089
822,0.064,0.032,0.998,0.001,0.003,0.078
824,0.064,0.033,0.956,0.001,0.002,0.079
826,0.064,0.032,1.010,0.001,0.003,0.099
828,0.064,0.033,0.990,0.001,0.002,0.083
830,0.065,0.033,1.005,0.002,0.002,0.075
833,0.065,0.032,1.025,0.002,0.002,0.088
835,0.065,0.032,1.011,0.002,0.002,0.099
837,0.064,0.033,0.991,0.002,0.002,0.090
839,0.064,0.031,1.021,0.000,0.003,0.082
841,0.064,0.032,0.994,0.001,0.003,0.079
843,0.064,0.032,1.002,0.001,0.002,0.076
845,0.064,0.032,1.013,0.001,0.002,0.074
847,0.064,0.032,1.026,0.002,0.002,0.093
849,0.064,0.032,1.014,0.001,0.002,0.078
851,0.064,0.032,1.002,0.001,0.002,0.076
853,0.063,0.032,0.986,0.001,0.002,0.074
855,0.063,0.032,0.986,0.001,0.002,0.073
857,0.063,0.033,0.976,0.001,0.002,0.082
859,0.064,0.032,1.006,0.000,0.003,0.083
861,0.064,0.031,1.045,0.000,0.002,0.077
863,0.064,0.032,1.014,0.000,0.003,0.083
865,0.064,0.031,1.021,0.000,0.002,0.076
867,0.063,0.031,1.017,0.001,0.002,0.075
869,0.063,0.032,0.979,0.002,0.003,0.090
871,0.063,0.032,1.001,0.002,0.003,0.075
873,0.064,0.031,1.041,0.001,0.002,0.086
875,0.063,0.032,1.010,0.001,0.003,0.082
877,0.063,0.030,1.064,0.001,0.002,0.073
880,0.063,0.032,0.999,0.001,0.003,0.108
882,0.063,0.031,1.013,0.002,0.002,0.078
884,0.062,0.031,1.001,0.002,0.002,0.068
886,0.062,0.032,0.993,0.002,0.002,0.074
888,0.062,0.031,1.020,0.002,0.002,0.069
890,0.062,0.030,1.040,0.002,0.002,0.070
892,0.063,0.031,1.037,0.002,0.002,0.074
894,0.063,0.031,1.033,0.001,0.002,0.071
896,0.062,0.031,1.021,0.003,0.002,0.080
898,0.063,0.030,1.060,0.002,0.001,0.067
900,0.062,0.030,1.051,0.002,0.001,0.048
902,0.062,0.030,1.055,0.002,0.001,0.056
904,0.062,0.031,1.014,0.002,0.003,0.096
906,0.061,0.030,1.013,0.003,0.002,0.079
908,0.062,0.029,1.054,0.002,0.001,0.058
910,0.061,0.030,1.023,0.003,0.002,0.075
912,0.060,0.030,1.014,0.002,0.001,0.057
914,0.061,0.030,1.024,0.003,0.002,0.080
916,0.062,0.029,1.054,0.002,0.001,0.050
918,0.060,0.030,1.008,0.003,0.002,0.087
920,0.060,0.030,1.022,0.002,0.001,0.056
922,0.061,0.030,1.018,0.002,0.001,0.058
924,0.059,0.030,1.001,0.002,0.001,0.045
927,0.059,0.030,0.987,0.001,0.002,0.062
929,0.059,0.030,0.997,0.001,0.001,0.038
931,0.059,0.029,1.008,0.001,0.000,0.027
933,0.059,0.030,0.997,0.001,0.001,0.039
935,0.059,0.030,0.997,0.001,0.001,0.037
937,0.059,0.029,1.000,0.000,0.000,0.003
939,0.059,0.030,0.993,0.000,0.001,0.032
941,0.059,0.030,1.001,0.002,0.001,0.042
943,0.060,0.030,1.010,0.002,0.001,0.049
945,0.059,0.029,1.004,0.001,0.000,0.019
947,0.059,0.030,0.994,0.001,0.002,0.053
949,0.059,0.029,1.028,0.002,0.002,0.076
951,0.058,0.029,1.006,0.001,0.001,0.053
953,0.059,0.029,1.000,0.000,0.000,0.006
955,0.059,0.029,1.020,0.000,0.002,0.063
957,0.058,0.029,1.006,0.001,0.001,0.050
959,0.058,0.030,0.989,0.002,0.001,0.047
961,0.059,0.029,1.000,0.000,0.000,0.011
963,0.058,0.029,0.988,0.002,0.000,0.032
965,0.057,0.029,0.999,0.002,0.002,0.077
967,0.058,0.029,0.996,0.001,0.000,0.018
969,0.058,0.029,1.007,0.002,0.002,0.072
972,0.057,0.029,0.979,0.002,0.000,0.046
974,0.058,0.029,0.983,0.002,0.000,0.034
976,0.058,0.029,0.983,0.002,0.000,0.033
978,0.058,0.029,0.983,0.002,0.000,0.033
980,0.058,0.029,0.996,0.001,0.000,0.022
982,0.058,0.029,0.983,0.002,0.000,0.036
984,0.056,0.029,0.982,0.003,0.002,0.070
986,0.058,0.029,1.018,0.002,0.002,0.090
988,0.056,0.029,0.963,0.003,0.001,0.069
990,0.056,0.029,0.970,0.003,0.002,0.086
992,0.058,0.029,0.983,0.003,0.000,0.036
994,0.055,0.028,0.994,0.003,0.002,0.104
996,0.056,0.029,0.978,0.002,0.002,0.079
998,0.054,0.029,0.938,0.002,0.001,0.062
1000,0.056,0.029,0.968,0.003,0.001,0.073
1002,0.057,0.029,0.996,0.002,0.002,0.088
1004,0.056,0.028,1.022,0.003,0.003,0.120
1006,0.056,0.027,1.044,0.002,0.002,0.104
1008,0.055,0.029,0.965,0.002,0.002,0.108
1010,0.055,0.029,0.951,0.002,0.001,0.053
1012,0.055,0.029,0.941,0.002,0.002,0.076
1014,0.055,0.029,0.964,0.002,0.002,0.064
1016,0.054,0.028,0.976,0.002,0.002,0.084
1019,0.055,0.028,0.988,0.002,0.002,0.081
1021,0.054,0.029,0.957,0.002,0.002,0.074
1023,0.056,0.027,1.031,0.003,0.003,0.130
1025,0.055,0.027,1.034,0.002,0.002,0.133
1027,0.055,0.029,0.953,0.002,0.002,0.110
1029,0.055,0.027,1.013,0.002,0.003,0.116
1031,0.055,0.028,0.998,0.002,0.002,0.093
1033,0.054,0.028,0.975,0.002,0.002,0.081
1035,0.055,0.028,0.996,0.002,0.002,0.118
1037,0.054,0.028,0.995,0.002,0.002,0.103
1039,0.054,0.028,0.990,0.001,0.002,0.095
1041,0.055,0.029,0.961,0.002,0.002,0.073
1043,0.054,0.028,0.968,0.001,0.002,0.091
1045,0.054,0.028,0.994,0.002,0.002,0.097
1047,0.054,0.028,0.958,0.001,0.002,0.093
1049,0.054,0.028,0.968,0.001,0.002,0.091
1051,0.054,0.028,0.958,0.001,0.002,0.074
1053,0.054,0.028,0.980,0.001,0.002,0.085
1055,0.054,0.027,1.008,0.001,0.003,0.091
1057,0.054,0.028,0.985,0.001,0.002,0.089
1059,0.054,0.028,0.966,0.002,0.002,0.076
1061,0.054,0.028,0.986,0.001,0.002,0.099
1063,0.054,0.028,0.978,0.001,0.003,0.091
1066,0.054,0.028,0.965,0.000,0.003,0.094
1068,0.054,0.027,1.013,0.001,0.003,0.101
1070,0.054,0.028,0.989,0.002,0.002,0.094
1072,0.054,0.027,1.003,0.001,0.002,0.090
1074,0.054,0.029,0.944,0.000,0.002,0.088
1076,0.054,0.028,0.981,0.000,0.003,0.095
1078,0.054,0.027,0.990,0.000,0.002,0.090
1080,0.054,0.029,0.928,0.000,0.003,0.089
1082,0.054,0.028,0.967,0.001,0.002,0.088
1084,0.054,0.028,0.968,0.001,0.002,0.089
1086,0.054,0.028,0.981,0.000,0.002,0.088
1088,0.054,0.027,0.990,0.000,0.002,0.090
1090,0.054,0.028,0.981,0.000,0.002,0.088
1092,0.054,0.027,0.990,0.000,0.002,0.090
1094,0.054,0.027,1.008,0.000,0.002,0.093
1096,0.054,0.027,0.991,0.002,0.002,0.105
1098,0.054,0.028,0.972,0.000,0.002,0.086
1100,0.054,0.027,0.985,0.001,0.002,0.087
1102,0.054,0.026,1.029,0.000,0.003,0.109
1104,0.054,0.028,0.968,0.001,0.003,0.108
1106,0.054,0.027,1.018,0.000,0.003,0.104
1108,0.054,0.027,0.999,0.000,0.002,0.093
1111,0.054,0.027,0.994,0.001,0.002,0.088
1113,0.054,0.027,1.013,0.001,0.002,0.101
1115,0.054,0.027,1.008,0.000,0.002,0.092
1117,0.054,0.028,0.965,0.000,0.003,0.102
1119,0.053,0.027,0.981,0.002,0.003,0.093
1121,0.054,0.027,1.004,0.001,0.002,0.100
1123,0.054,0.027,0.986,0.001,0.002,0.097
1125,0.054,0.026,1.022,0.001,0.003,0.095
1127,0.054,0.027,1.018,0.000,0.002,0.091
1129,0.054,0.028,0.981,0.000,0.003,0.095
1131,0.054,0.026,1.049,0.001,0.003,0.105
1133,0.054,0.026,1.027,0.000,0.003,0.093
1135,0.054,0.026,1.031,0.001,0.002,0.087
1137,0.053,0.026,1.017,0.001,0.002,0.088
1139,0.054,0.027,0.986,0.001,0.003,0.100
1141,0.054,0.027,0.986,0.001,0.002,0.095
1143,0.053,0.026,1.025,0.002,0.003,0.089
1145,0.053,0.026,1.018,0.002,0.002,0.095
1147,0.054,0.027,0.985,0.001,0.003,0.092
1149,0.054,0.027,1.017,0.002,0.003,0.092
1151,0.053,0.026,1.021,0.002,0.002,0.084
1153,0.054,0.027,1.013,0.001,0.002,0.090
1155,0.053,0.028,0.936,0.002,0.003,0.109
1158,0.053,0.026,1.017,0.002,0.003,0.118
1160,0.053,0.025,1.048,0.002,0.002,0.081
1162,0.053,0.026,1.026,0.001,0.002,0.088
1164,0.053,0.026,1.025,0.002,0.002,0.080
1166,0.053,0.026,1.022,0.002,0.002,0.092
1168,0.053,0.026,1.014,0.002,0.002,0.108
1170,0.053,0.025,1.053,0.001,0.002,0.084
1172,0.053,0.026,1.013,0.002,0.002,0.105
1174,0.052,0.026,1.012,0.002,0.002,0.092
1176,0.053,0.026,1.025,0.002,0.002,0.081
1178,0.052,0.026,1.018,0.002,0.002,0.109
1180,0.052,0.026,1.018,0.002,0.002,0.102
1182,0.052,0.026,1.004,0.002,0.002,0.108
1184,0.052,0.027,0.964,0.002,0.003,0.118
1186,0.052,0.026,0.985,0.002,0.003,0.103
1188,0.051,0.025,1.016,0.002,0.002,0.099
1190,0.052,0.026,1.011,0.002,0.002,0.088
1192,0.052,0.025,1.028,0.002,0.002,0.073
1194,0.052,0.025,1.024,0.002,0.002,0.080
1196,0.052,0.026,1.010,0.002,0.002,0.080
1198,0.052,0.026,1.011,0.002,0.002,0.084
1200,0.051,0.026,0.979,0.003,0.002,0.098
1202,0.051,0.025,1.011,0.002,0.002,0.097
1205,0.051,0.025,1.024,0.002,0.002,0.085
1207,0.051,0.025,1.024,0.002,0.002,0.084
1209,0.051,0.026,1.002,0.002,0.002,0.094
1211,0.051,0.026,0.966,0.002,0.003,0.101
1213,0.051,0.026,0.984,0.002,0.002,0.102
1215,0.050,0.025,1.000,0.002,0.002,0.083
1217,0.051,0.025,1.001,0.002,0.002,0.087
1219,0.051,0.026,0.983,0.002,0.002,0.094
1221,0.051,0.026,0.989,0.003,0.002,0.100
1223,0.050,0.026,0.969,0.002,0.002,0.087
1225,0.051,0.025,1.013,0.002,0.002,0.083
1227,0.050,0.026,0.988,0.002,0.002,0.094
1229,0.049,0.025,0.977,0.002,0.002,0.078
1231,0.050,0.025,0.995,0.002,0.002,0.080
1233,0.050,0.025,1.006,0.002,0.001,0.038
1235,0.049,0.025,0.993,0.001,0.001,0.049
1237,0.050,0.024,1.020,0.002,0.000,0.049
1239,0.049,0.025,0.988,0.001,0.002,0.064
1241,0.050,0.025,1.007,0.002,0.001,0.050
1243,0.050,0.025,0.990,0.002,0.002,0.076
1245,0.049,0.025,0.976,0.001,0.002,0.068
1247,0.051,0.025,1.008,0.003,0.002,0.075
1249,0.050,0.025,0.992,0.002,0.002,0.091
1252,0.050,0.025,0.995,0.002,0.002,0.078
1254,0.050,0.024,1.020,0.002,0.001,0.047
1256,0.050,0.025,0.989,0.002,0.002,0.070
1258,0.050,0.025,1.002,0.002,0.001,0.058
1260,0.051,0.025,1.009,0.002,0.002,0.078
1262,0.050,0.025,0.989,0.002,0.002,0.066
1264,0.049,0.024,1.023,0.001,0.001,0.069
1266,0.049,0.025,0.996,0.001,0.001,0.032
1268,0.049,0.025,0.988,0.001,0.001,0.057
1270,0.049,0.025,0.988,0.001,0.001,0.040
1272,0.049,0.024,1.005,0.001,0.000,0.028
1274,0.049,0.025,0.983,0.000,0.002,0.054
1276,0.049,0.025,0.967,0.000,0.002,0.069
1278,0.049,0.025,0.992,0.000,0.001,0.044
1280,0.049,0.025,0.997,0.001,0.001,0.044
1282,0.049,0.025,0.992,0.000,0.001,0.037
1284,0.049,0.024,1.000,0.000,0.000,0.008
1286,0.049,0.025,0.988,0.001,0.002,0.057
1288,0.049,0.025,1.001,0.001,0.001,0.032
1290,0.049,0.025,0.987,0.001,0.001,0.044
1292,0.049,0.025,0.974,0.002,0.002,0.056
1294,0.049,0.024,1.008,0.001,0.002,0.068
1297,0.049,0.025,0.991,0.001,0.002,0.081
1299,0.049,0.025,0.997,0.001,0.001,0.044
1301,0.049,0.024,0.995,0.002,0.000,0.050
1303,0.049,0.024,1.000,0.000,0.000,0.005
1305,0.049,0.025,0.996,0.001,0.001,0.019
1307,0.048,0.025,0.982,0.002,0.001,0.047
1309,0.049,0.024,1.003,0.002,0.002,0.067
1311,0.048,0.024,0.997,0.002,0.001,0.068
1313,0.049,0.024,0.995,0.002,0.000,0.038
1315,0.048,0.025,0.977,0.002,0.001,0.052
1317,0.049,0.025,0.992,0.001,0.001,0.039
1319,0.048,0.024,0.990,0.002,0.000,0.030
1321,0.048,0.025,0.967,0.002,0.001,0.058
1323,0.048,0.024,1.002,0.002,0.001,0.080
1325,0.048,0.024,1.002,0.001,0.001,0.064
1327,0.048,0.024,0.985,0.002,0.000,0.040
1329,0.049,0.024,0.999,0.001,0.002,0.072
1331,0.048,0.024,0.984,0.002,0.002,0.081
1333,0.047,0.024,0.977,0.002,0.001,0.079
1335,0.048,0.024,1.015,0.002,0.001,0.097
1337,0.047,0.024,0.977,0.003,0.001,0.087
1339,0.047,0.024,0.970,0.002,0.000,0.046
1341,0.047,0.024,0.970,0.002,0.000,0.046
1344,0.047,0.024,0.995,0.002,0.002,0.099
1346,0.048,0.024,0.999,0.002,0.001,0.077
1348,0.048,0.024,1.000,0.002,0.001,0.094
1350,0.048,0.024,0.984,0.002,0.002,0.081
1352,0.047,0.024,0.972,0.003,0.001,0.081
1354,0.046,0.024,0.940,0.003,0.000,0.059
1356,0.047,0.024,0.982,0.003,0.001,0.087
1358,0.047,0.024,0.966,0.003,0.001,0.062
1360,0.047,0.023,1.016,0.002,0.002,0.096
1362,0.047,0.024,0.971,0.003,0.001,0.080
1364,0.047,0.024,0.984,0.002,0.002,0.123
1366,0.046,0.023,1.000,0.002,0.002,0.133
1368,0.046,0.023,1.009,0.002,0.002,0.110
1370,0.046,0.023,1.004,0.002,0.002,0.112
1372,0.047,0.023,1.002,0.002,0.002,0.106
1374,0.046,0.024,0.957,0.002,0.001,0.094
1376,0.046,0.024,0.980,0.002,0.002,0.096
1378,0.046,0.024,0.982,0.002,0.002,0.121
1380,0.046,0.024,0.947,0.002,0.001,0.090
1382,0.046,0.024,0.980,0.002,0.002,0.099
1384,0.046,0.023,0.999,0.002,0.002,0.116
1386,0.046,0.023,1.009,0.002,0.002,0.110
1388,0.045,0.024,0.925,0.002,0.001,0.094
1391,0.045,0.023,0.979,0.002,0.002,0.138
1393,0.045,0.024,0.937,0.002,0.002,0.083
1395,0.045,0.024,0.937,0.002,0.001,0.072
1397,0.045,0.024,0.952,0.002,0.002,0.094
1399,0.045,0.023,0.977,0.002,0.002,0.111
1401,0.044,0.023,0.967,0.002,0.002,0.111
1403,0.044,0.024,0.922,0.000,0.002,0.081
1405,0.045,0.024,0.954,0.002,0.002,0.088
1407,0.045,0.023,0.982,0.002,0.002,0.103
1409,0.044,0.023,0.981,0.001,0.003,0.115
1411,0.045,0.023,0.961,0.002,0.002,0.107
1413,0.044,0.023,0.979,0.001,0.002,0.116
1415,0.044,0.023,0.950,0.001,0.002,0.095
1417,0.044,0.023,0.977,0.001,0.002,0.105
1419,0.044,0.022,0.990,0.000,0.002,0.111
1421,0.044,0.023,0.979,0.000,0.002,0.108
1423,0.044,0.022,0.990,0.000,0.002,0.111
1425,0.044,0.022,1.001,0.002,0.002,0.119
1427,0.044,0.023,0.974,0.001,0.002,0.119
1429,0.044,0.023,0.961,0.001,0.002,0.098
1431,0.045,0.023,0.971,0.002,0.002,0.096
1433,0.044,0.023,0.961,0.001,0.002,0.097
1436,0.045,0.023,0.982,0.002,0.002,0.102
1438,0.044,0.022,1.012,0.001,0.003,0.123
1440,0.044,0.021,1.069,0.001,0.003,0.119
1442,0.044,0.023,0.945,0.000,0.003,0.153
1444,0.044,0.023,0.967,0.002,0.002,0.110
1446,0.043,0.022,1.006,0.002,0.003,0.120
1448,0.044,0.023,0.967,0.001,0.003,0.110
1450,0.044,0.022,1.017,0.001,0.003,0.120
1452,0.044,0.023,0.972,0.001,0.003,0.112
1454,0.044,0.022,1.022,0.002,0.003,0.118
1456,0.044,0.022,1.006,0.002,0.002,0.115
1458,0.043,0.023,0.957,0.001,0.002,0.124
1460,0.043,0.023,0.957,0.001,0.002,0.113
1462,0.044,0.022,1.001,0.000,0.003,0.120
1464,0.044,0.022,0.995,0.001,0.002,0.108
1466,0.044,0.022,1.024,0.000,0.002,0.116
1468,0.044,0.021,1.050,0.002,0.002,0.100
1470,0.044,0.022,1.007,0.001,0.003,0.127
1472,0.043,0.021,1.040,0.002,0.002,0.115
1474,0.043,0.021,1.018,0.002,0.002,0.120
1476,0.043,0.021,1.030,0.002,0.002,0.123
1478,0.043,0.022,0.990,0.002,0.003,0.125
1480,0.043,0.022,0.977,0.002,0.002,0.106
1483,0.043,0.022,0.990,0.002,0.002,0.120
1485,0.041,0.023,0.920,0.003,0.002,0.142
1487,0.043,0.022,0.996,0.003,0.003,0.115
1489,0.043,0.021,1.009,0.002,0.002,0.095
1491,0.043,0.021,1.020,0.002,0.002,0.095
1493,0.043,0.022,1.012,0.002,0.002,0.121
1495,0.042,0.022,0.972,0.002,0.002,0.123
1497,0.042,0.021,1.007,0.002,0.002,0.136
1499,0.043,0.022,0.989,0.002,0.003,0.110
1501,0.042,0.021,1.020,0.003,0.002,0.104
1503,0.042,0.020,1.036,0.002,0.002,0.095
1505,0.041,0.021,1.005,0.002,0.002,0.125
1507,0.042,0.021,1.002,0.003,0.002,0.137
1509,0.042,0.021,0.999,0.002,0.002,0.109
1511,0.042,0.022,0.986,0.002,0.002,0.141
1513,0.042,0.021,0.990,0.002,0.002,0.131
1515,0.042,0.020,1.051,0.002,0.002,0.093
1517,0.042,0.021,1.011,0.003,0.002,0.136
1519,0.042,0.021,1.005,0.002,0.002,0.113
1521,0.042,0.022,0.982,0.002,0.002,0.116
1523,0.041,0.021,1.009,0.003,0.002,0.112
1525,0.041,0.021,0.991,0.002,0.002,0.101
1527,0.041,0.021,1.004,0.002,0.002,0.112
1530,0.041,0.021,0.973,0.002,0.002,0.132
1532,0.041,0.021,0.995,0.002,0.002,0.093
1534,0.041,0.021,1.014,0.003,0.002,0.103
1536,0.041,0.020,1.035,0.002,0.002,0.089
1538,0.041,0.020,1.013,0.002,0.002,0.098
1540,0.041,0.020,1.022,0.002,0.001,0.082
1542,0.040,0.020,0.991,0.002,0.001,0.065
1544,0.040,0.020,1.025,0.002,0.000,0.060
1546,0.040,0.021,0.942,0.002,0.003,0.138
1548,0.040,0.021,0.965,0.002,0.002,0.120
1550,0.041,0.020,1.006,0.002,0.002,0.100
1552,0.040,0.021,0.943,0.002,0.003,0.128
1554,0.040,0.021,0.973,0.001,0.002,0.099
1556,0.040,0.021,0.984,0.002,0.002,0.093
1558,0.040,0.020,0.994,0.002,0.002,0.083
1560,0.040,0.020,0.995,0.002,0.002,0.095
1562,0.040,0.020,1.001,0.002,0.002,0.100
1564,0.040,0.021,0.985,0.002,0.002,0.106
1566,0.040,0.021,0.991,0.002,0.002,0.109
1568,0.040,0.020,0.993,0.002,0.002,0.074
1570,0.039,0.020,0.980,0.000,0.001,0.061
1572,0.039,0.020,0.995,0.001,0.001,0.026
1575,0.039,0.020,0.986,0.001,0.001,0.068
1577,0.039,0.020,0.996,0.001,0.001,0.054
1579,0.039,0.020,0.980,0.000,0.001,0.062
1581,0.039,0.020,1.006,0.001,0.000,0.038
1583,0.039,0.020,0.990,0.000,0.001,0.047
1585,0.039,0.020,0.976,0.001,0.002,0.080
1587,0.039,0.020,0.976,0.002,0.002,0.085
1589,0.039,0.021,0.956,0.001,0.002,0.096
1591,0.039,0.020,0.975,0.001,0.002,0.065
1593,0.039,0.020,0.984,0.002,0.001,0.064
1595,0.039,0.020,1.006,0.001,0.000,0.035
1597,0.039,0.020,0.990,0.000,0.001,0.047
1599,0.039,0.020,0.976,0.002,0.002,0.089
1601,0.039,0.020,0.968,0.002,0.001,0.068
1603,0.039,0.020,0.964,0.001,0.002,0.074
1605,0.039,0.020,0.985,0.001,0.001,0.052
1607,0.039,0.020,1.006,0.001,0.000,0.035
1609,0.039,0.019,1.010,0.001,0.001,0.079
1611,0.039,0.020,0.990,0.000,0.001,0.048
1613,0.039,0.020,0.990,0.000,0.001,0.044
1615,0.039,0.020,0.990,0.000,0.001,0.044
1617,0.039,0.020,0.984,0.001,0.001,0.051
1619,0.039,0.020,1.000,0.002,0.000,0.043
1622,0.039,0.020,0.990,0.000,0.001,0.045
1624,0.039,0.020,0.990,0.000,0.001,0.044
1626,0.038,0.020,0.975,0.002,0.000,0.052
1628,0.038,0.019,0.998,0.002,0.002,0.130
1630,0.039,0.020,0.997,0.001,0.002,0.098
1632,0.038,0.020,0.981,0.002,0.000,0.047
1634,0.038,0.020,0.976,0.002,0.003,0.150
1636,0.039,0.020,0.994,0.002,0.000,0.051
1638,0.038,0.020,0.963,0.002,0.002,0.090
1640,0.038,0.020,0.971,0.002,0.001,0.060
1642,0.039,0.020,1.007,0.001,0.002,0.094
1644,0.039,0.020,0.988,0.002,0.000,0.042
1646,0.038,0.020,0.963,0.003,0.000,0.074
1648,0.039,0.020,0.977,0.002,0.001,0.057
1650,0.038,0.020,0.954,0.002,0.001,0.083
1652,0.039,0.020,0.988,0.002,0.000,0.064
1654,0.039,0.020,0.977,0.001,0.001,0.056
1656,0.038,0.020,0.969,0.002,0.000,0.055
1658,0.039,0.020,0.977,0.002,0.001,0.056
1660,0.038,0.020,0.981,0.002,0.000,0.045
1662,0.038,0.020,0.981,0.002,0.000,0.045
1664,0.037,0.020,0.938,0.003,0.002,0.096
1666,0.038,0.020,0.981,0.002,0.000,0.063
1669,0.039,0.019,1.004,0.001,0.001,0.087
1671,0.038,0.020,0.969,0.002,0.000,0.065
1673,0.038,0.020,0.969,0.002,0.002,0.106
1675,0.037,0.020,0.946,0.002,0.001,0.071
1677,0.038,0.019,0.979,0.002,0.001,0.104
1679,0.038,0.020,0.969,0.002,0.000,0.055
1681,0.037,0.020,0.950,0.003,0.000,0.064
1683,0.037,0.020,0.948,0.002,0.001,0.080
1685,0.038,0.020,0.969,0.002,0.002,0.108
1687,0.036,0.020,0.931,0.003,0.000,0.073
1689,0.038,0.020,0.969,0.003,0.000,0.066
1691,0.038,0.019,0.979,0.002,0.001,0.100
1693,0.037,0.020,0.956,0.002,0.000,0.064
1695,0.036,0.019,0.942,0.003,0.001,0.108
1697,0.038,0.020,0.975,0.003,0.000,0.072
1699,0.036,0.020,0.937,0.003,0.002,0.102
1701,0.037,0.020,0.931,0.003,0.002,0.085
1703,0.038,0.020,0.973,0.002,0.002,0.124
1705,0.037,0.019,0.967,0.003,0.001,0.104
1707,0.037,0.019,0.960,0.002,0.001,0.105
1709,0.036,0.020,0.919,0.003,0.000,0.073
1711,0.037,0.019,0.960,0.003,0.001,0.113
1713,0.036,0.020,0.921,0.002,0.001,0.077
1716,0.036,0.020,0.915,0.002,0.001,0.065
1718,0.036,0.020,0.919,0.002,0.000,0.060
1720,0.036,0.020,0.925,0.002,0.000,0.062
1722,0.037,0.020,0.963,0.003,0.002,0.114
1724,0.037,0.019,0.981,0.002,0.002,0.111
1726,0.036,0.020,0.919,0.003,0.000,0.086
1728,0.036,0.019,0.935,0.002,0.001,0.109
1730,0.038,0.020,0.969,0.003,0.000,0.064
1732,0.036,0.020,0.931,0.003,0.000,0.073
1734,0.036,0.020,0.915,0.002,0.001,0.066
1736,0.036,0.020,0.925,0.002,0.000,0.062
1738,0.036,0.020,0.931,0.002,0.000,0.062
1740,0.035,0.020,0.898,0.003,0.001,0.087
1742,0.037,0.019,0.967,0.003,0.002,0.155
1744,0.037,0.019,0.971,0.002,0.001,0.134
1746,0.036,0.019,0.970,0.002,0.002,0.152
1748,0.036,0.019,0.948,0.002,0.001,0.109
1750,0.036,0.019,0.958,0.002,0.001,0.137
1752,0.036,0.020,0.931,0.003,0.000,0.079
1754,0.036,0.020,0.925,0.002,0.002,0.110
1756,0.036,0.020,0.910,0.002,0.001,0.078
1758,0.036,0.020,0.931,0.002,0.000,0.066
1761,0.037,0.020,0.938,0.002,0.000,0.063
1763,0.037,0.020,0.938,0.002,0.000,0.063
1765,0.037,0.020,0.956,0.002,0.000,0.063
1767,0.036,0.020,0.913,0.003,0.000,0.072
1769,0.036,0.020,0.923,0.003,0.001,0.080
1771,0.035,0.019,0.921,0.002,0.001,0.078
1773,0.035,0.020,0.894,0.002,0.000,0.052
1775,0.035,0.019,0.915,0.002,0.001,0.079
1777,0.035,0.020,0.908,0.002,0.002,0.115
1779,0.035,0.020,0.894,0.002,0.000,0.047
1781,0.036,0.020,0.915,0.003,0.001,0.068
1783,0.035,0.019,0.927,0.002,0.002,0.107
1785,0.036,0.019,0.950,0.002,0.001,0.120
1787,0.035,0.020,0.912,0.002,0.002,0.122
1789,0.036,0.020,0.919,0.002,0.000,0.060
1791,0.036,0.020,0.913,0.002,0.000,0.058
1793,0.036,0.019,0.927,0.002,0.001,0.080
1795,0.036,0.019,0.950,0.003,0.001,0.126
1797,0.036,0.019,0.948,0.002,0.001,0.107
1799,0.036,0.020,0.925,0.002,0.000,0.065
1801,0.036,0.019,0.942,0.002,0.001,0.109
1803,0.035,0.019,0.915,0.002,0.001,0.081
1805,0.035,0.020,0.902,0.002,0.002,0.114
1808,0.035,0.020,0.894,0.002,0.000,0.045
1810,0.035,0.019,0.923,0.002,0.002,0.097
1812,0.036,0.019,0.940,0.003,0.001,0.081
1814,0.035,0.020,0.897,0.002,0.002,0.108
1816,0.035,0.020,0.906,0.002,0.000,0.055
1818,0.036,0.020,0.925,0.003,0.000,0.064
1820,0.036,0.020,0.919,0.002,0.000,0.060
1822,0.035,0.019,0.920,0.002,0.002,0.105
1824,0.036,0.019,0.971,0.002,0.002,0.123
1826,0.036,0.019,0.950,0.002,0.002,0.119
1828,0.036,0.019,0.927,0.002,0.001,0.082
1830,0.035,0.019,0.931,0.002,0.001,0.118
1832,0.035,0.020,0.894,0.002,0.000,0.058
1834,0.035,0.019,0.910,0.002,0.001,0.105
1836,0.034,0.019,0.896,0.001,0.001,0.069
1838,0.035,0.019,0.920,0.002,0.002,0.108
1840,0.035,0.019,0.923,0.002,0.001,0.093
1842,0.034,0.020,0.881,0.001,0.000,0.050
1844,0.035,0.019,0.908,0.001,0.002,0.106
1846,0.035,0.019,0.908,0.002,0.001,0.074
1848,0.036,0.019,0.942,0.002,0.001,0.099
1850,0.035,0.019,0.923,0.002,0.001,0.094
1852,0.035,0.019,0.948,0.001,0.002,0.139
1855,0.035,0.018,0.963,0.001,0.002,0.144
1857,0.034,0.020,0.875,0.000,0.001,0.087
1859,0.035,0.019,0.931,0.002,0.002,0.120
1861,0.034,0.019,0.933,0.000,0.002,0.117
1863,0.034,0.018,0.969,0.001,0.002,0.137
1865,0.034,0.019,0.919,0.000,0.002,0.116
1867,0.034,0.019,0.910,0.001,0.001,0.090
1869,0.034,0.019,0.913,0.001,0.001,0.116
1871,0.034,0.019,0.919,0.000,0.002,0.104
1873,0.034,0.018,0.948,0.000,0.002,0.130
1875,0.034,0.019,0.919,0.000,0.002,0.108
1877,0.034,0.019,0.919,0.000,0.002,0.104
1879,0.034,0.019,0.896,0.001,0.001,0.072
1881,0.034,0.020,0.881,0.001,0.000,0.031
1883,0.034,0.019,0.896,0.001,0.001,0.069
1885,0.034,0.019,0.910,0.001,0.001,0.091
1887,0.034,0.019,0.904,0.000,0.001,0.088
1889,0.034,0.018,0.954,0.000,0.003,0.153
1891,0.034,0.017,1.035,0.000,0.003,0.167
1893,0.034,0.019,0.939,0.000,0.003,0.167
1895,0.034,0.018,0.948,0.000,0.002,0.127
1897,0.034,0.019,0.939,0.000,0.003,0.137
1900,0.034,0.018,0.983,0.001,0.002,0.144
1902,0.034,0.018,0.954,0.001,0.002,0.129
1904,0.034,0.018,0.977,0.000,0.002,0.141
1906,0.034,0.018,0.963,0.000,0.002,0.134
1908,0.034,0.018,0.948,0.000,0.002,0.127
1910,0.034,0.019,0.933,0.000,0.002,0.118
1912,0.034,0.018,0.956,0.001,0.002,0.142
1914,0.034,0.019,0.919,0.000,0.002,0.111
1916,0.034,0.018,0.977,0.000,0.003,0.151
1918,0.034,0.018,0.963,0.000,0.002,0.134
1920,0.034,0.019,0.912,0.002,0.002,0.146
1922,0.033,0.018,0.952,0.002,0.003,0.169
1924,0.033,0.017,1.010,0.002,0.003,0.187
1926,0.032,0.018,0.925,0.003,0.003,0.191
1928,0.034,0.018,0.979,0.002,0.002,0.166
1930,0.033,0.017,0.971,0.002,0.002,0.157
1932,0.033,0.018,0.946,0.002,0.002,0.176
1934,0.033,0.017,0.988,0.002,0.002,0.172
1936,0.034,0.017,1.004,0.001,0.002,0.139
1938,0.033,0.017,0.992,0.002,0.002,0.159
1940,0.032,0.016,1.008,0.003,0.002,0.139
1942,0.033,0.017,0.977,0.002,0.003,0.158
1944,0.033,0.016,1.017,0.002,0.002,0.142
1947,0.033,0.016,1.010,0.002,0.002,0.146
1949,0.033,0.017,1.004,0.002,0.002,0.149
1951,0.032,0.017,0.948,0.002,0.003,0.159