5,0.13,0.06,1.04,0.00,0.00,0.04
7,0.13,0.06,1.03,0.00,0.00,0.02
9,0.13,0.06,1.03,0.00,0.00,0.03
11,0.13,0.06,1.03,0.00,0.00,0.03
13,0.13,0.06,1.03,0.00,0.00,0.03
15,0.13,0.06,1.03,0.00,0.00,0.02
17,0.13,0.06,1.03,0.00,0.00,0.03
19,0.13,0.06,1.03,0.00,0.00,0.02
21,0.13,0.06,1.05,0.00,0.00,0.04
23,0.13,0.06,1.04,0.00,0.00,0.04
25,0.13,0.06,1.03,0.00,0.00,0.03
27,0.13,0.06,1.03,0.00,0.00,0.02
29,0.13,0.06,1.05,0.00,0.00,0.05
31,0.13,0.06,1.02,0.00,0.00,0.04
33,0.13,0.06,1.02,0.00,0.00,0.02
35,0.13,0.06,1.04,0.00,0.00,0.04
37,0.13,0.06,1.03,0.00,0.00,0.03
39,0.13,0.06,1.03,0.00,0.00,0.03
41,0.13,0.06,1.03,0.00,0.00,0.04
44,0.13,0.06,1.05,0.00,0.00,0.03
46,0.13,0.06,1.04,0.00,0.00,0.04
48,0.13,0.06,1.03,0.00,0.00,0.02
50,0.13,0.06,1.03,0.00,0.00,0.04
52,0.13,0.06,1.03,0.00,0.00,0.04
54,0.13,0.06,1.03,0.00,0.00,0.03
56,0.13,0.06,1.02,0.00,0.00,0.03
58,0.13,0.06,1.02,0.00,0.00,0.02
60,0.13,0.06,1.02,0.00,0.00,0.03
62,0.13,0.06,1.03,0.00,0.00,0.04
64,0.13,0.06,1.03,0.00,0.00,0.02
66,0.13,0.06,1.03,0.00,0.00,0.03
68,0.13,0.06,1.03,0.00,0.00,0.03
70,0.13,0.06,1.03,0.00,0.00,0.04
72,0.13,0.06,1.05,0.00,0.00,0.05
74,0.13,0.06,1.04,0.00,0.00,0.03
76,0.13,0.06,1.03,0.00,0.00,0.04
78,0.13,0.06,1.05,0.00,0.00,0.04
80,0.13,0.06,1.04,0.00,0.00,0.04
82,0.13,0.06,1.03,0.00,0.00,0.04
84,0.13,0.06,1.04,0.00,0.00,0.04
86,0.13,0.06,1.03,0.00,0.00,0.03
88,0.13,0.06,1.04,0.00,0.00,0.03
91,0.13,0.06,1.02,0.00,0.00,0.03
93,0.13,0.06,1.03,0.00,0.00,0.04
95,0.13,0.06,1.02,0.00,0.00,0.03
97,0.13,0.06,1.04,0.00,0.00,0.04
99,0.13,0.06,1.02,0.00,0.00,0.03
101,0.13,0.06,1.04,0.00,0.00,0.05
103,0.13,0.06,1.03,0.00,0.00,0.03
105,0.13,0.06,1.05,0.00,0.00,0.05
107,0.13,0.06,1.03,0.00,0.00,0.03
109,0.13,0.06,1.04,0.00,0.00,0.04
111,0.13,0.06,1.02,0.00,0.00,0.03
113,0.13,0.06,1.04,0.00,0.00,0.05
115,0.13,0.06,1.04,0.00,0.00,0.04
117,0.13,0.06,1.05,0.00,0.00,0.05
119,0.13,0.06,1.04,0.00,0.00,0.01
121,0.13,0.06,1.03,0.00,0.00,0.02
123,0.13,0.06,1.02,0.00,0.00,0.02
125,0.13,0.06,1.03,0.00,0.00,0.02
127,0.13,0.06,1.04,0.00,0.00,0.01
129,0.13,0.06,1.04,0.00,0.00,0.01
131,0.13,0.06,1.03,0.00,0.00,0.02
133,0.13,0.06,1.04,0.00,0.00,0.01
135,0.13,0.06,1.02,0.00,0.00,0.03
138,0.13,0.06,1.03,0.00,0.00,0.03
140,0.13,0.06,1.05,0.00,0.00,0.03
142,0.13,0.06,1.04,0.00,0.00,0.03
144,0.13,0.06,1.03,0.00,0.00,0.04
146,0.13,0.06,1.04,0.00,0.00,0.04
148,0.13,0.06,1.02,0.00,0.00,0.03
150,0.13,0.06,1.03,0.00,0.00,0.02
152,0.13,0.06,1.03,0.00,0.00,0.02
154,0.13,0.06,1.05,0.00,0.00,0.03
156,0.13,0.06,1.04,0.00,0.00,0.03
158,0.13,0.06,1.02,0.00,0.00,0.02
160,0.13,0.06,1.03,0.00,0.00,0.02
162,0.13,0.06,1.04,0.00,0.00,0.01
164,0.13,0.06,1.03,0.00,0.00,0.01
166,0.13,0.06,1.04,0.00,0.00,0.00
168,0.13,0.06,1.03,0.00,0.00,0.01
170,0.13,0.06,1.03,0.00,0.00,0.02
172,0.13,0.06,1.03,0.00,0.00,0.01
174,0.13,0.06,1.03,0.00,0.00,0.02
176,0.13,0.06,1.03,0.00,0.00,0.02
178,0.13,0.06,1.03,0.00,0.00,0.01
180,0.13,0.06,1.04,0.00,0.00,0.04
182,0.13,0.06,1.03,0.00,0.00,0.03
185,0.13,0.06,1.04,0.00,0.00,0.03
187,0.13,0.06,1.04,0.00,0.00,0.03
189,0.13,0.06,1.04,0.00,0.00,0.03
191,0.13,0.06,1.04,0.00,0.00,0.01
193,0.13,0.06,1.04,0.00,0.00,0.02
195,0.13,0.06,1.04,0.00,0.00,0.01
197,0.13,0.06,1.04,0.00,0.00,0.02
199,0.13,0.06,1.03,0.00,0.00,0.02
201,0.13,0.06,1.04,0.00,0.00,0.02
203,0.13,0.06,1.04,0.00,0.00,0.00
205,0.13,0.06,1.04,0.00,0.00,0.00
207,0.13,0.06,1.04,0.00,0.00,0.00
209,0.13,0.06,1.04,0.00,0.00,0.00
211,0.13,0.06,1.02,0.00,0.00,0.03
213,0.13,0.06,1.04,0.00,0.00,0.04
215,0.13,0.06,1.04,0.00,0.00,0.03
217,0.13,0.06,1.03,0.00,0.00,0.03
219,0.13,0.06,1.02,0.00,0.00,0.03
221,0.13,0.06,1.02,0.00,0.00,0.03
223,0.13,0.06,1.03,0.00,0.00,0.04
225,0.13,0.06,1.03,0.00,0.00,0.02
227,0.13,0.06,1.04,0.00,0.00,0.03
230,0.13,0.06,1.04,0.00,0.00,0.03
232,0.13,0.06,1.03,0.00,0.00,0.02
234,0.13,0.06,1.03,0.00,0.00,0.02
236,0.13,0.06,1.04,0.00,0.00,0.02
238,0.13,0.06,1.04,0.00,0.00,0.01
240,0.13,0.06,1.03,0.00,0.00,0.02
242,0.13,0.06,1.03,0.00,0.00,0.01
244,0.13,0.06,1.02,0.00,0.00,0.02
246,0.13,0.06,1.02,0.00,0.00,0.03
248,0.13,0.06,1.03,0.00,0.00,0.03
250,0.13,0.06,1.02,0.00,0.00,0.03
252,0.13,0.06,1.03,0.00,0.00,0.04
254,0.13,0.06,1.02,0.00,0.00,0.04
256,0.13,0.06,1.03,0.00,0.00,0.04
258,0.13,0.06,1.04,0.00,0.00,0.05
260,0.13,0.06,1.05,0.00,0.00,0.04
262,0.13,0.06,1.02,0.00,0.00,0.04
264,0.13,0.06,1.02,0.00,0.00,0.04
266,0.13,0.06,1.03,0.00,0.00,0.04
268,0.13,0.06,1.02,0.00,0.00,0.03
270,0.13,0.06,1.03,0.00,0.00,0.04
272,0.13,0.06,1.04,0.00,0.00,0.04
274,0.13,0.06,1.03,0.00,0.00,0.05
277,0.13,0.06,1.02,0.00,0.00,0.04
279,0.13,0.06,1.03,0.00,0.00,0.04
281,0.13,0.06,1.02,0.00,0.00,0.04
283,0.13,0.06,1.03,0.00,0.00,0.04
285,0.13,0.06,1.04,0.00,0.00,0.05
287,0.13,0.06,1.05,0.00,0.00,0.05
289,0.13,0.06,1.05,0.00,0.00,0.04
291,0.13,0.06,1.03,0.00,0.00,0.05
293,0.13,0.06,1.02,0.00,0.00,0.05
295,0.13,0.06,1.03,0.00,0.00,0.05
297,0.13,0.06,1.02,0.00,0.00,0.05
299,0.12,0.06,1.03,0.00,0.00,0.04
301,0.12,0.06,1.02,0.00,0.00,0.05
303,0.12,0.06,1.04,0.00,0.00,0.05
305,0.12,0.06,1.03,0.00,0.00,0.05
307,0.12,0.06,1.03,0.00,0.00,0.05
309,0.12,0.06,1.03,0.00,0.00,0.05
311,0.12,0.06,1.02,0.00,0.00,0.05
313,0.12,0.06,1.03,0.00,0.00,0.05
315,0.12,0.06,1.04,0.00,0.00,0.04
317,0.12,0.06,1.04,0.00,0.00,0.03
319,0.12,0.06,1.03,0.00,0.00,0.04
321,0.12,0.06,1.04,0.00,0.00,0.03
324,0.12,0.06,1.03,0.00,0.00,0.04
326,0.12,0.06,1.03,0.00,0.00,0.04
328,0.12,0.06,1.03,0.00,0.00,0.03
330,0.12,0.06,1.04,0.00,0.00,0.03
332,0.12,0.06,1.03,0.00,0.00,0.03
334,0.12,0.06,1.03,0.00,0.00,0.02
336,0.12,0.06,1.04,0.00,0.00,0.01
338,0.12,0.06,1.04,0.00,0.00,0.01
340,0.12,0.06,1.03,0.00,0.00,0.02
342,0.12,0.06,1.04,0.00,0.00,0.02
344,0.12,0.06,1.04,0.00,0.00,0.04
346,0.12,0.06,1.03,0.00,0.00,0.03
348,0.12,0.06,1.03,0.00,0.00,0.03
350,0.12,0.06,1.02,0.00,0.00,0.02
352,0.12,0.06,1.02,0.00,0.00,0.02
354,0.12,0.06,1.03,0.00,0.00,0.04
356,0.12,0.06,1.03,0.00,0.00,0.03
358,0.12,0.06,1.02,0.00,0.00,0.03
360,0.12,0.06,1.02,0.00,0.00,0.03
362,0.12,0.06,1.03,0.00,0.00,0.04
364,0.12,0.06,1.03,0.00,0.00,0.04
366,0.12,0.06,1.02,0.00,0.00,0.03
369,0.12,0.06,1.03,0.00,0.00,0.04
371,0.12,0.06,1.03,0.00,0.00,0.03
373,0.12,0.06,1.02,0.00,0.00,0.04
375,0.12,0.06,1.03,0.00,0.00,0.04
377,0.12,0.06,1.03,0.00,0.00,0.04
379,0.12,0.06,1.03,0.00,0.00,0.05
381,0.12,0.06,1.02,0.00,0.00,0.04
383,0.12,0.06,1.01,0.00,0.00,0.03
385,0.12,0.06,1.03,0.00,0.00,0.05
387,0.12,0.06,1.03,0.00,0.00,0.04
389,0.12,0.06,1.02,0.00,0.00,0.04
391,0.12,0.06,1.03,0.00,0.00,0.05
393,0.12,0.06,1.01,0.00,0.00,0.04
395,0.12,0.06,1.02,0.00,0.00,0.04
397,0.12,0.06,1.05,0.00,0.00,0.06
399,0.12,0.06,1.03,0.00,0.00,0.05
401,0.12,0.06,1.03,0.00,0.00,0.05
403,0.12,0.06,1.03,0.00,0.00,0.04
405,0.12,0.06,1.04,0.00,0.00,0.05
407,0.12,0.06,1.02,0.00,0.00,0.05
409,0.12,0.06,1.03,0.00,0.00,0.05
411,0.12,0.06,1.03,0.00,0.00,0.04
413,0.12,0.06,1.04,0.00,0.00,0.04
416,0.12,0.06,1.04,0.00,0.00,0.04
418,0.12,0.06,1.04,0.00,0.00,0.05
420,0.12,0.06,1.02,0.00,0.00,0.06
422,0.12,0.06,1.02,0.00,0.00,0.05
424,0.12,0.06,1.01,0.00,0.00,0.05
426,0.12,0.06,1.05,0.00,0.00,0.06
428,0.12,0.06,1.03,0.00,0.00,0.06
430,0.12,0.06,1.02,0.00,0.00,0.05
432,0.12,0.06,1.04,0.00,0.00,0.05
434,0.12,0.06,1.04,0.00,0.00,0.05
436,0.12,0.06,1.03,0.00,0.00,0.05
438,0.12,0.06,1.04,0.00,0.00,0.05
440,0.11,0.06,1.04,0.00,0.00,0.05
442,0.12,0.06,1.04,0.00,0.00,0.06
444,0.12,0.06,1.02,0.00,0.00,0.05
446,0.11,0.06,1.03,0.00,0.00,0.05
448,0.12,0.06,1.04,0.00,0.00,0.05
450,0.11,0.06,1.04,0.00,0.00,0.05
452,0.11,0.06,1.04,0.00,0.00,0.05
454,0.11,0.06,1.02,0.00,0.00,0.05
456,0.11,0.06,1.01,0.00,0.00,0.05
458,0.11,0.06,1.03,0.00,0.00,0.05
460,0.11,0.06,1.02,0.00,0.00,0.06
463,0.11,0.05,1.04,0.00,0.00,0.05
465,0.11,0.05,1.03,0.00,0.00,0.04
467,0.11,0.06,1.01,0.00,0.00,0.04
469,0.11,0.06,1.03,0.00,0.00,0.05
471,0.11,0.06,1.03,0.00,0.00,0.04
473,0.11,0.05,1.04,0.00,0.00,0.05
475,0.11,0.06,1.03,0.00,0.00,0.05
477,0.11,0.06,1.02,0.00,0.00,0.05
479,0.11,0.06,1.02,0.00,0.00,0.04
481,0.11,0.06,1.02,0.00,0.00,0.05
483,0.11,0.06,1.02,0.00,0.00,0.05
485,0.11,0.05,1.04,0.00,0.00,0.05
487,0.11,0.06,1.01,0.00,0.00,0.06
489,0.11,0.05,1.03,0.00,0.00,0.04
491,0.11,0.05,1.03,0.00,0.00,0.03
493,0.11,0.06,1.01,0.00,0.00,0.05
495,0.11,0.05,1.03,0.00,0.00,0.04
497,0.11,0.05,1.03,0.00,0.00,0.03
499,0.11,0.05,1.02,0.00,0.00,0.04
501,0.11,0.06,1.02,0.00,0.00,0.04
503,0.11,0.05,1.03,0.00,0.00,0.04
505,0.11,0.05,1.04,0.00,0.00,0.03
508,0.11,0.05,1.04,0.00,0.00,0.03
510,0.11,0.05,1.04,0.00,0.00,0.02
512,0.11,0.05,1.04,0.00,0.00,0.02
514,0.11,0.05,1.03,0.00,0.00,0.04
516,0.11,0.05,1.03,0.00,0.00,0.03
518,0.11,0.05,1.04,0.00,0.00,0.02
520,0.11,0.05,1.03,0.00,0.00,0.03
522,0.11,0.05,1.04,0.00,0.00,0.03
524,0.11,0.05,1.04,0.00,0.00,0.02
526,0.11,0.05,1.03,0.00,0.00,0.04
528,0.11,0.05,1.03,0.00,0.00,0.03
530,0.11,0.05,1.05,0.00,0.00,0.03
532,0.11,0.05,1.04,0.00,0.00,0.02
534,0.11,0.05,1.03,0.00,0.00,0.03
536,0.11,0.05,1.04,0.00,0.00,0.01
538,0.11,0.05,1.04,0.00,0.00,0.03
540,0.11,0.05,1.05,0.00,0.00,0.01
542,0.11,0.05,1.05,0.00,0.00,0.00
544,0.11,0.05,1.04,0.00,0.00,0.02
546,0.11,0.05,1.04,0.00,0.00,0.02
548,0.11,0.05,1.04,0.00,0.00,0.02
550,0.11,0.05,1.03,0.00,0.00,0.03
552,0.11,0.05,1.04,0.00,0.00,0.02
555,0.11,0.05,1.03,0.00,0.00,0.03
557,0.11,0.05,1.05,0.00,0.00,0.03
559,0.11,0.05,1.02,0.00,0.00,0.04
561,0.11,0.05,1.04,0.00,0.00,0.04
563,0.11,0.05,1.03,0.00,0.00,0.03
565,0.11,0.05,1.04,0.00,0.00,0.02
567,0.11,0.05,1.04,0.00,0.00,0.01
569,0.11,0.05,1.04,0.00,0.00,0.01
571,0.11,0.05,1.03,0.00,0.00,0.02
573,0.11,0.05,1.04,0.00,0.00,0.02
575,0.11,0.05,1.04,0.00,0.00,0.02
577,0.11,0.05,1.04,0.00,0.00,0.02
579,0.11,0.05,1.03,0.00,0.00,0.02
581,0.11,0.05,1.04,0.00,0.00,0.02
583,0.11,0.05,1.03,0.00,0.00,0.02
585,0.11,0.05,1.03,0.00,0.00,0.02
587,0.11,0.05,1.03,0.00,0.00,0.03
589,0.11,0.05,1.02,0.00,0.00,0.04
591,0.11,0.05,1.03,0.00,0.00,0.05
593,0.11,0.05,1.02,0.00,0.00,0.02
595,0.11,0.05,1.03,0.00,0.00,0.03
597,0.11,0.05,1.03,0.00,0.00,0.04
599,0.11,0.05,1.01,0.00,0.00,0.03
602,0.11,0.05,1.01,0.00,0.00,0.02
604,0.11,0.05,1.01,0.00,0.00,0.03
606,0.11,0.05,1.00,0.00,0.00,0.01
608,0.11,0.05,1.00,0.00,0.00,0.01
610,0.11,0.05,1.02,0.00,0.00,0.04
612,0.11,0.05,1.05,0.00,0.00,0.06
614,0.11,0.05,1.02,0.00,0.00,0.05
616,0.11,0.05,1.01,0.00,0.00,0.03
618,0.11,0.05,1.01,0.00,0.00,0.04
620,0.11,0.05,1.01,0.00,0.00,0.02
622,0.11,0.05,1.03,0.00,0.00,0.05
624,0.11,0.05,1.04,0.00,0.00,0.06
626,0.11,0.05,1.03,0.00,0.00,0.05
628,0.11,0.05,1.04,0.00,0.00,0.05
630,0.11,0.05,1.01,0.00,0.00,0.05
632,0.11,0.05,1.01,0.00,0.00,0.04
634,0.11,0.05,1.03,0.00,0.00,0.06
636,0.11,0.05,1.03,0.00,0.00,0.05
638,0.11,0.05,1.04,0.00,0.00,0.06
640,0.11,0.05,1.03,0.00,0.00,0.05
642,0.11,0.05,1.03,0.00,0.00,0.05
644,0.11,0.05,1.03,0.00,0.00,0.06
646,0.11,0.05,1.03,0.00,0.00,0.05
649,0.11,0.05,1.00,0.00,0.00,0.06
651,0.11,0.05,1.02,0.00,0.00,0.05
653,0.11,0.05,1.03,0.00,0.00,0.06
655,0.11,0.05,1.03,0.00,0.00,0.06
657,0.11,0.05,1.04,0.00,0.00,0.05
659,0.11,0.05,1.03,0.00,0.00,0.06
661,0.11,0.05,1.04,0.00,0.00,0.06
663,0.11,0.05,1.04,0.00,0.00,0.06
665,0.10,0.05,1.03,0.00,0.00,0.06
667,0.10,0.05,1.04,0.00,0.00,0.05
669,0.10,0.05,1.06,0.00,0.00,0.05
671,0.10,0.05,1.02,0.00,0.00,0.06
673,0.10,0.05,1.03,0.00,0.00,0.06
675,0.10,0.05,1.02,0.00,0.00,0.06
677,0.10,0.05,1.02,0.00,0.00,0.05
679,0.10,0.05,1.02,0.00,0.00,0.05
681,0.10,0.05,1.03,0.00,0.00,0.05
683,0.10,0.05,1.03,0.00,0.00,0.04
685,0.10,0.05,1.02,0.00,0.00,0.05
687,0.10,0.05,1.01,0.00,0.00,0.05
689,0.10,0.05,1.01,0.00,0.00,0.05
691,0.10,0.05,1.04,0.00,0.00,0.04
694,0.10,0.05,1.04,0.00,0.00,0.03
696,0.10,0.05,1.05,0.00,0.00,0.02
698,0.10,0.05,1.03,0.00,0.00,0.04
700,0.10,0.05,1.04,0.00,0.00,0.03
702,0.10,0.05,1.02,0.00,0.00,0.04
704,0.10,0.05,1.03,0.00,0.00,0.05
706,0.10,0.05,1.05,0.00,0.00,0.02
708,0.10,0.05,1.04,0.00,0.00,0.04
710,0.10,0.05,1.03,0.00,0.00,0.04
712,0.10,0.05,1.02,0.00,0.00,0.05
714,0.10,0.05,1.04,0.00,0.00,0.03
716,0.10,0.05,1.04,0.00,0.00,0.03
718,0.10,0.05,1.04,0.00,0.00,0.02
720,0.10,0.05,1.03,0.00,0.00,0.03
722,0.10,0.05,1.04,0.00,0.00,0.02
724,0.10,0.05,1.03,0.00,0.00,0.03
726,0.10,0.05,1.03,0.00,0.00,0.02
728,0.10,0.05,1.03,0.00,0.00,0.02
730,0.10,0.05,1.03,0.00,0.00,0.02
732,0.10,0.05,1.03,0.00,0.00,0.02
734,0.10,0.05,1.02,0.00,0.00,0.03
736,0.10,0.05,1.02,0.00,0.00,0.03
738,0.10,0.05,1.02,0.00,0.00,0.04
741,0.10,0.05,1.02,0.00,0.00,0.02
743,0.10,0.05,1.02,0.00,0.00,0.03
745,0.10,0.05,1.02,0.00,0.00,0.03
747,0.10,0.05,1.02,0.00,0.00,0.02
749,0.10,0.05,1.01,0.00,0.00,0.03
751,0.10,0.05,1.01,0.00,0.00,0.03
753,0.10,0.05,1.02,0.00,0.00,0.04
755,0.10,0.05,1.01,0.00,0.00,0.02
757,0.10,0.05,1.01,0.00,0.00,0.03
759,0.10,0.05,1.02,0.00,0.00,0.03
761,0.10,0.05,1.01,0.00,0.00,0.02
763,0.10,0.05,1.02,0.00,0.00,0.03
765,0.10,0.05,1.02,0.00,0.00,0.04
767,0.10,0.05,1.00,0.00,0.00,0.02
769,0.10,0.05,1.01,0.00,0.00,0.03
771,0.10,0.05,1.00,0.00,0.00,0.02
773,0.10,0.05,1.01,0.00,0.00,0.03
775,0.10,0.05,1.03,0.00,0.00,0.04
777,0.10,0.05,1.01,0.00,0.00,0.03
779,0.10,0.05,1.03,0.00,0.00,0.05
781,0.10,0.05,1.02,0.00,0.00,0.04
783,0.10,0.05,1.02,0.00,0.00,0.04
785,0.10,0.05,1.03,0.00,0.00,0.04
788,0.10,0.05,1.03,0.00,0.00,0.05
790,0.10,0.05,1.02,0.00,0.00,0.04
792,0.10,0.05,1.02,0.00,0.00,0.03
794,0.10,0.05,1.01,0.00,0.00,0.04
796,0.10,0.05,1.01,0.00,0.00,0.03
798,0.10,0.05,1.01,0.00,0.00,0.02
800,0.10,0.05,1.01,0.00,0.00,0.03
802,0.10,0.05,1.01,0.00,0.00,0.03
804,0.10,0.05,1.00,0.00,0.00,0.01
806,0.10,0.05,1.01,0.00,0.00,0.02
808,0.10,0.05,1.01,0.00,0.00,0.04
810,0.10,0.05,1.01,0.00,0.00,0.02
812,0.10,0.05,1.01,0.00,0.00,0.03
814,0.10,0.05,1.01,0.00,0.00,0.02
816,0.10,0.05,1.01,0.00,0.00,0.02
818,0.10,0.05,1.01,0.00,0.00,0.02
820,0.10,0.05,1.03,0.00,0.00,0.05
822,0.10,0.05,1.02,0.00,0.00,0.03
824,0.10,0.05,1.03,0.00,0.00,0.05
826,0.10,0.05,1.03,0.00,0.00,0.04
828,0.10,0.05,1.01,0.00,0.00,0.03
830,0.10,0.05,1.02,0.00,0.00,0.04
833,0.10,0.05,1.02,0.00,0.00,0.04
835,0.10,0.05,1.02,0.00,0.00,0.02
837,0.10,0.05,1.03,0.00,0.00,0.05
839,0.10,0.05,1.03,0.00,0.00,0.04
841,0.10,0.05,1.01,0.00,0.00,0.03
843,0.10,0.05,1.02,0.00,0.00,0.03
845,0.10,0.05,1.01,0.00,0.00,0.02
847,0.10,0.05,1.01,0.00,0.00,0.02
849,0.10,0.05,1.02,0.00,0.00,0.03
851,0.10,0.05,1.02,0.00,0.00,0.04
853,0.10,0.05,1.03,0.00,0.00,0.04
855,0.10,0.05,1.03,0.00,0.00,0.05
857,0.10,0.05,1.02,0.00,0.00,0.03
859,0.10,0.05,1.03,0.00,0.00,0.04
861,0.10,0.05,1.02,0.00,0.00,0.03
863,0.10,0.05,1.03,0.00,0.00,0.03
865,0.10,0.05,1.02,0.00,0.00,0.03
867,0.10,0.05,1.02,0.00,0.00,0.02
869,0.10,0.05,1.03,0.00,0.00,0.03
871,0.10,0.05,1.03,0.00,0.00,0.02
873,0.10,0.05,1.03,0.00,0.00,0.02
875,0.10,0.05,1.03,0.00,0.00,0.02
877,0.10,0.05,1.03,0.00,0.00,0.03
880,0.10,0.05,1.02,0.00,0.00,0.03
882,0.10,0.05,1.02,0.00,0.00,0.03
884,0.10,0.05,1.03,0.00,0.00,0.03
886,0.10,0.05,1.02,0.00,0.00,0.04
888,0.10,0.05,1.03,0.00,0.00,0.04
890,0.10,0.05,1.02,0.00,0.00,0.05
892,0.10,0.05,1.02,0.00,0.00,0.03
894,0.10,0.05,1.02,0.00,0.00,0.04
896,0.10,0.05,1.04,0.00,0.00,0.05
898,0.10,0.05,1.03,0.00,0.00,0.03
900,0.10,0.05,1.01,0.00,0.00,0.05
902,0.10,0.05,1.02,0.00,0.00,0.04
904,0.10,0.05,1.03,0.00,0.00,0.03
906,0.10,0.05,1.02,0.00,0.00,0.03
908,0.10,0.05,1.03,0.00,0.00,0.03
910,0.10,0.05,1.04,0.00,0.00,0.02
912,0.10,0.05,1.03,0.00,0.00,0.02
914,0.10,0.05,1.03,0.00,0.00,0.03
916,0.10,0.05,1.05,0.00,0.00,0.02
918,0.10,0.05,1.03,0.00,0.00,0.03
920,0.10,0.05,1.04,0.00,0.00,0.02
922,0.10,0.05,1.03,0.00,0.00,0.05
924,0.10,0.05,1.02,0.00,0.00,0.04
927,0.10,0.05,1.03,0.00,0.00,0.03
929,0.10,0.05,1.03,0.00,0.00,0.04
931,0.10,0.05,1.02,0.00,0.00,0.05
933,0.10,0.05,1.04,0.00,0.00,0.03
935,0.10,0.05,1.04,0.00,0.00,0.02
937,0.10,0.05,1.04,0.00,0.00,0.03
939,0.10,0.05,1.04,0.00,0.00,0.02
941,0.10,0.05,1.03,0.00,0.00,0.04
943,0.10,0.05,1.03,0.00,0.00,0.04
945,0.10,0.05,1.03,0.00,0.00,0.02
947,0.10,0.05,1.03,0.00,0.00,0.03
949,0.10,0.05,1.04,0.00,0.00,0.02
951,0.10,0.05,1.05,0.00,0.00,0.01
953,0.10,0.05,1.04,0.00,0.00,0.02
955,0.10,0.05,1.04,0.00,0.00,0.03
957,0.10,0.05,1.04,0.00,0.00,0.02
959,0.10,0.05,1.04,0.00,0.00,0.04
961,0.10,0.05,1.02,0.00,0.00,0.03
963,0.10,0.05,1.02,0.00,0.00,0.04
965,0.10,0.05,1.01,0.00,0.00,0.05
967,0.10,0.05,1.03,0.00,0.00,0.05
969,0.10,0.05,1.03,0.00,0.00,0.04
972,0.10,0.05,1.03,0.00,0.00,0.04
974,0.10,0.05,1.03,0.00,0.00,0.04
976,0.10,0.05,1.03,0.00,0.00,0.04
978,0.10,0.05,1.03,0.00,0.00,0.04
980,0.10,0.05,1.04,0.00,0.00,0.02
982,0.10,0.05,1.02,0.00,0.00,0.05
984,0.10,0.05,1.03,0.00,0.00,0.03
986,0.10,0.05,1.04,0.00,0.00,0.04
988,0.10,0.05,1.03,0.00,0.00,0.02
990,0.10,0.05,1.04,0.00,0.00,0.02
992,0.10,0.05,1.04,0.00,0.00,0.02
994,0.10,0.05,1.04,0.00,0.00,0.02
996,0.10,0.05,1.04,0.00,0.00,0.02
998,0.10,0.05,1.04,0.00,0.00,0.02
1000,0.10,0.05,1.03,0.00,0.00,0.02
1002,0.10,0.05,1.03,0.00,0.00,0.04
1004,0.10,0.05,1.02,0.00,0.00,0.04
1006,0.10,0.05,1.02,0.00,0.00,0.04
1008,0.10,0.05,1.04,0.00,0.00,0.03
1010,0.10,0.05,1.04,0.00,0.00,0.03
1012,0.10,0.05,1.02,0.00,0.00,0.05
1014,0.10,0.05,1.03,0.00,0.00,0.04
1016,0.10,0.05,1.02,0.00,0.00,0.04
1019,0.10,0.05,1.02,0.00,0.00,0.04
1021,0.10,0.05,1.02,0.00,0.00,0.04
1023,0.10,0.05,1.04,0.00,0.00,0.03
1025,0.10,0.05,1.04,0.00,0.00,0.02
1027,0.10,0.05,1.04,0.00,0.00,0.02
1029,0.10,0.05,1.04,0.00,0.00,0.03
1031,0.10,0.05,1.05,0.00,0.00,0.02
1033,0.10,0.05,1.04,0.00,0.00,0.02
1035,0.10,0.05,1.03,0.00,0.00,0.03
1037,0.10,0.05,1.03,0.00,0.00,0.04
1039,0.10,0.05,1.03,0.00,0.00,0.04
1041,0.10,0.05,1.03,0.00,0.00,0.04
1043,0.10,0.05,1.02,0.00,0.00,0.03
1045,0.10,0.05,1.04,0.00,0.00,0.04
1047,0.10,0.05,1.04,0.00,0.00,0.02
1049,0.10,0.05,1.03,0.00,0.00,0.04
1051,0.10,0.05,1.03,0.00,0.00,0.02
1053,0.10,0.05,1.01,0.00,0.00,0.06
1055,0.10,0.05,1.03,0.00,0.00,0.03
1057,0.10,0.05,1.04,0.00,0.00,0.02
1059,0.10,0.05,1.03,0.00,0.00,0.03
1061,0.10,0.05,1.03,0.00,0.00,0.02
1063,0.10,0.05,1.03,0.00,0.00,0.02
1066,0.10,0.05,1.04,0.00,0.00,0.03
1068,0.10,0.05,1.02,0.00,0.00,0.04
1070,0.10,0.05,1.02,0.00,0.00,0.03
1072,0.10,0.05,1.03,0.00,0.00,0.03
1074,0.10,0.05,1.03,0.00,0.00,0.02
1076,0.10,0.05,1.03,0.00,0.00,0.04
1078,0.10,0.05,1.02,0.00,0.00,0.04
1080,0.10,0.05,1.02,0.00,0.00,0.04
1082,0.10,0.05,1.04,0.00,0.00,0.03
1084,0.10,0.05,1.01,0.00,0.00,0.04
1086,0.10,0.05,1.03,0.00,0.00,0.03
1088,0.10,0.05,1.01,0.00,0.00,0.04
1090,0.10,0.05,1.03,0.00,0.00,0.03
1092,0.10,0.05,1.03,0.00,0.00,0.03
1094,0.10,0.05,1.02,0.00,0.00,0.04
1096,0.10,0.05,1.03,0.00,0.00,0.03
1098,0.10,0.05,1.03,0.00,0.00,0.03
1100,0.10,0.05,1.04,0.00,0.00,0.02
1102,0.10,0.05,1.03,0.00,0.00,0.02
1104,0.10,0.05,1.02,0.00,0.00,0.03
1106,0.10,0.05,1.03,0.00,0.00,0.03
1108,0.10,0.05,1.04,0.00,0.00,0.02
1111,0.10,0.05,1.03,0.00,0.00,0.02
1113,0.10,0.05,1.03,0.00,0.00,0.03
1115,0.10,0.05,1.03,0.00,0.00,0.04
1117,0.10,0.05,1.02,0.00,0.00,0.03
1119,0.10,0.05,1.03,0.00,0.00,0.03
1121,0.10,0.05,1.02,0.00,0.00,0.03
1123,0.10,0.05,1.03,0.00,0.00,0.04
1125,0.10,0.05,1.03,0.00,0.00,0.04
1127,0.10,0.05,1.02,0.00,0.00,0.03
1129,0.10,0.05,1.02,0.00,0.00,0.05
1131,0.10,0.05,1.02,0.00,0.00,0.02
1133,0.10,0.05,1.03,0.00,0.00,0.03
1135,0.10,0.05,1.03,0.00,0.00,0.03
1137,0.10,0.05,1.02,0.00,0.00,0.03
1139,0.10,0.05,1.02,0.00,0.00,0.02
1141,0.10,0.05,1.02,0.00,0.00,0.02
1143,0.10,0.05,1.02,0.00,0.00,0.02
1145,0.10,0.05,1.02,0.00,0.00,0.02
1147,0.10,0.05,1.01,0.00,0.00,0.02
1149,0.10,0.05,1.02,0.00,0.00,0.02
1151,0.10,0.05,1.02,0.00,0.00,0.03
1153,0.10,0.05,1.01,0.00,0.00,0.03
1155,0.10,0.05,1.01,0.00,0.00,0.02
1158,0.10,0.05,1.01,0.00,0.00,0.02
1160,0.10,0.05,1.01,0.00,0.00,0.02
1162,0.10,0.05,1.01,0.00,0.00,0.03
1164,0.10,0.05,1.01,0.00,0.00,0.02
1166,0.10,0.05,1.01,0.00,0.00,0.04
1168,0.10,0.05,1.01,0.00,0.00,0.02
1170,0.10,0.05,1.01,0.00,0.00,0.02
1172,0.10,0.05,1.00,0.00,0.00,0.01
1174,0.10,0.05,1.01,0.00,0.00,0.03
1176,0.10,0.05,1.01,0.00,0.00,0.02
1178,0.10,0.05,1.00,0.00,0.00,0.01
1180,0.10,0.05,1.01,0.00,0.00,0.02
1182,0.10,0.05,1.01,0.00,0.00,0.02
1184,0.10,0.05,1.01,0.00,0.00,0.02
1186,0.10,0.05,1.00,0.00,0.00,0.01
1188,0.10,0.05,1.02,0.00,0.00,0.04
1190,0.10,0.05,1.02,0.00,0.00,0.05
1192,0.10,0.05,1.02,0.00,0.00,0.04
1194,0.10,0.05,1.02,0.00,0.00,0.05
1196,0.10,0.05,1.01,0.00,0.00,0.04
1198,0.10,0.05,1.02,0.00,0.00,0.06
1200,0.10,0.05,1.01,0.00,0.00,0.05
1202,0.10,0.05,1.04,0.00,0.00,0.06
1205,0.10,0.05,1.03,0.00,0.00,0.06
1207,0.10,0.05,1.00,0.00,0.00,0.06
1209,0.10,0.05,1.01,0.00,0.00,0.06
1211,0.10,0.05,1.02,0.00,0.00,0.06
1213,0.10,0.05,1.02,0.00,0.00,0.06
1215,0.10,0.05,1.05,0.00,0.00,0.07
1217,0.09,0.05,1.01,0.00,0.00,0.07
1219,0.10,0.05,1.04,0.00,0.00,0.07
1221,0.09,0.05,0.98,0.00,0.00,0.08
1223,0.10,0.05,1.03,0.00,0.00,0.07
1225,0.09,0.05,1.02,0.00,0.00,0.06
1227,0.09,0.05,1.02,0.00,0.00,0.06
1229,0.09,0.05,1.01,0.00,0.00,0.06
1231,0.09,0.05,1.02,0.00,0.00,0.06
1233,0.09,0.05,1.02,0.00,0.00,0.05
1235,0.09,0.05,1.03,0.00,0.00,0.04
1237,0.09,0.05,1.01,0.00,0.00,0.06
1239,0.09,0.05,1.01,0.00,0.00,0.05
1241,0.09,0.05,1.00,0.00,0.00,0.05
1243,0.09,0.05,1.02,0.00,0.00,0.05
1245,0.09,0.05,1.03,0.00,0.00,0.05
1247,0.09,0.04,1.03,0.00,0.00,0.04
1249,0.09,0.04,1.04,0.00,0.00,0.03
1252,0.09,0.04,1.04,0.00,0.00,0.04
1254,0.09,0.04,1.03,0.00,0.00,0.05
1256,0.09,0.04,1.04,0.00,0.00,0.04
1258,0.09,0.04,1.06,0.00,0.00,0.02
1260,0.09,0.04,1.06,0.00,0.00,0.00
1262,0.09,0.04,1.06,0.00,0.00,0.00
1264,0.09,0.04,1.03,0.00,0.00,0.05
1266,0.09,0.04,1.03,0.00,0.00,0.05
1268,0.09,0.04,1.01,0.00,0.00,0.04
1270,0.09,0.04,1.03,0.00,0.00,0.05
1272,0.09,0.04,1.04,0.00,0.00,0.03
1274,0.09,0.04,1.01,0.00,0.00,0.06
1276,0.09,0.04,1.03,0.00,0.00,0.04
1278,0.09,0.04,1.01,0.00,0.00,0.05
1280,0.09,0.04,1.03,0.00,0.00,0.04
1282,0.09,0.04,1.03,0.00,0.00,0.05
1284,0.09,0.04,1.01,0.00,0.00,0.03
1286,0.09,0.04,1.03,0.00,0.00,0.03
1288,0.09,0.04,1.03,0.00,0.00,0.04
1290,0.09,0.04,1.03,0.00,0.00,0.04
1292,0.09,0.04,1.02,0.00,0.00,0.04
1294,0.09,0.04,1.02,0.00,0.00,0.03
1297,0.09,0.04,1.01,0.00,0.00,0.03
1299,0.09,0.04,1.00,0.00,0.00,0.02
1301,0.09,0.04,1.01,0.00,0.00,0.02